Ticker,priceToOperatingCashFlowsRatio,priceToSalesRatio,enterpriseValueMultiple,ebitperRevenue,netProfitMargin,returnOnAssets,returnOnEquity,returnOnCapitalEmployed,receivablesTurnover,payablesTurnover,inventoryTurnover,quickRatio,cashRatio,currentRatio,debtRatio,debtEquityRatio,totalDebtToCapitalization,dividendPayoutRatio
MMM,17.2308,3.3862,14.94950172,0.213215321,0.163253472,0.3518,0.546,0.1657,6.5985,3.7735,7.8012,1.139287686,0.393843181,1.892,0.4006,1.4927,0.598820542,10.9414
ABT,20.1644,4.1545,21.28888127,0.122081235,0.077441298,0.1796,0.0771,0.042,5.8629,2.8882,8.2677,1.028406569,0.426542388,1.624,0.2913,0.6369,0.389078906,3.5836
ABBV,10.328,4.2339,22.30422937,0.193600586,0.17363295,2.1966,-0.6733,0.1014,6.2553,0.7497,20.4069,0.779917629,0.422820349,0.983,0.6792,-4.7727,1.265064022,8.7132
ABMD,49.6558,16.2757,45.39229843,0.34227846,0.336632737,0.3617,0.2765,0.3077,9.5689,7.4289,11.734,5.495452744,1.141729089,6.389,0,0,0,5.6155
ACN,19.8687,3.0468,0.865177706,0.143645242,0.11058916,0.8269,0.3317,0.3234,5.5434,7.3816,0,1.285967342,0.55387006,1.397,0.0008,0.0016,0.00157002,10.3855
ATVI,19.8521,4.738,17.13453879,0.259733333,0.241733333,0.484,0.1591,0.1127,7.6805,8.2674,168.5393,1.990915973,1.599167298,2.311,0.1493,0.2345,0.189931025,2.3491
ADBE,30.3943,13.5623,39.8949647,0.319281888,0.286907166,1.5885,0.2767,0.158,7.1284,16.442,0,1.056593087,0.381940683,1.129,0.2198,0.4406,0.305837199,8.2136
AMD,542.6193,2.8493,32.82668821,0.069343629,0.052046332,0.177,0.2662,0.1816,7.6673,1.5449,8.4146,1.205141129,0.543346774,1.784,0.2744,0.9874,0.49682035,0.0346
AAP,14.1522,1.198,15.93722048,0.063863948,0.044240344,0.1189,0.1194,0.0887,15.5613,0.6939,2.246,0.391538491,0.230709865,1.565,0.1157,0.2945,0.227501902,11.0003
AES,4.0874,0.892,7.20234612,0.276359911,0.112052906,0.0547,0.375,0.0518,7.0216,1.9422,18.8516,0.782905206,0.349170266,1.14,0.5933,6.0147,0.85744123,3.5377
AMG,4.4998,2.1579,14.27924474,0.212537841,0.102421796,0.2816,0.0705,0.0656,5.7009,0.7266,0,1.911588588,0.995949278,2.428,0.2226,0.5292,0.339611109,21.2799
AFL,5.7672,1.5941,10.65514191,0.193262248,0.134203511,0,0.1245,0,25.9333,6.1834,0,0.395438389,0.3211641,0.553243483,0.0412,0.2463,0.19763346,7.8146
A,19.0001,4.2029,20.10556807,0.207773708,0.064306064,0.0903,0.0692,0.1133,6.552,4.0124,8.1022,2.581554227,1.918872758,3.286,0.2106,0.3939,0.282595036,3.3863
APD,14.5423,4.1602,13.709719,0.241047233,0.167723007,0.1182,0.138,0.0877,5.508,1.2659,24.4161,1.948637899,1.193730488,2.173,0.1988,0.3511,0.259889162,11.6493
AKAM,9.8657,3.6647,14.77800853,0.142307865,0.10991927,0.1335,0.0935,0.0744,5.7672,7.9542,0,1.959177639,0.856072764,2.094,0.2857,0.4889,0.328381826,6.0266
ALK,6.2785,0.9079,8.509567332,0.081800581,0.052879961,0.0777,0.1165,0.0557,23.3777,16.381,141.265,0.544527532,0.035690007,0.607,0.1927,0.5607,0.359241544,9.6973
ALB,14.9868,2.4253,9.412891742,0.263942577,0.205502896,0.1808,0.1934,0.0733,5.4876,1.9589,5.219,1.025286243,0.4693481,1.689,0.2249,0.4756,0.322313583,5.0372
ARE,21.7263,9.3347,17.79198451,0.404386877,0.285742912,0,0.0517,0,132.3489,0.3901,0,0.468551656,0.452267821,1.464368515,0.3787,0.7462,0.426944657,5.3042
ALXN,50.9875,5.2577,34.74624112,0.082397366,0.018783888,0.0211,0.0085,0.0209,5.0112,1.603,8.8567,2.117632027,1.163117547,2.883,0.2302,0.3499,0.259178131,1.9129
ALGN,30.1996,8.5183,33.94814071,0.232880683,0.203527398,0.3536,0.3194,0.4665,5.1533,10.5713,45.0364,1.696884577,0.920277196,1.882,0,0,0,6.928
ALLE,16.5507,2.7737,15.04988125,0.193542483,0.159204891,0.6326,0.668,0.1618,8.7907,3.3187,10.5045,1.181835637,0.557987711,1.789,0.5141,2.2194,0.689378758,4.8161
AGN,7.9931,2.8555,86.26104251,-0.377256546,-0.322814396,-2.0108,-0.0783,-0.0411,5.475,0.79,18.0283,0.833708689,0.153703801,1.131,0.2338,0.3655,0.267655137,16.7362
ADS,2.9676,1.0493,9.452884116,0.243133279,0.123613821,0.0713,0.413,1.0514,4.9034,3.6151,32.3219,2.001889586,0.33241031,2.152,0.4402,5.7361,0.851545591,50.1803
LNT,18.8901,2.8203,11.31613614,0.231150092,0.147771962,0.045,0.1139,0.0304,8.4842,1.7117,16.2805,0.225837844,0.012712122,0.478,0.3853,1.2962,0.564498514,2.259
ALL,5.4998,0.7148,9.777097753,0.077257315,0.056561597,0,0.1057,0,6.6692,0,0,0.344729345,0.017770655,0.719017094,0.0575,0.3027,0.223465112,14.8792
GOOG,20.1038,6.7265,22.29249952,0.245302422,0.215770117,0.1912,0.173,0.1848,6.9852,10.4527,147.4343,3.754419411,0.482409012,3.919,0.0172,0.0226,0.022087646,0
MO,11.0602,3.659,10.23883065,0.394338432,0.274522946,-0.4656,0.4709,0.1214,178.6197,15.8189,11.1343,0.069598452,0.062898127,0.203,0.4627,1.7411,0.635186145,4.4656
AMZN,23.9044,3.1535,28.4128154,0.054477064,0.043252736,0.147,0.2313,0.1465,15.6085,1.9883,14.0205,0.846997412,0.464242371,1.098,0.2038,0.7611,0.432172008,63.0862
AMCR,17.0565,1.3996,4.681292571,0.085597682,0.045484342,0.0926,0.0767,0.0388,5.8325,0,5.7104,0.542934519,0.132458497,1.147,0.3556,1.0881,0.521097659,0.6701
AEE,7.3435,2.533,9.85994767,0.23096487,0.129550151,0.0376,0.1068,0.0332,7.5116,1.651,12.5194,0.31745441,0.005954596,0.571,0.332,1.1841,0.542149157,8.9007
AAL,4.186,0.332,8.671621181,0.066006601,0.031701129,0.0418,-8.355,0.039,25.7611,6.3207,30.9205,0.365826702,0.023706897,0.477,0.5617,-201.355,1.00499114,7.6707
AEP,7.056,2.2756,10.98256646,0.186685355,0.118784616,0.038,0.1011,0.0266,8.485,1.9297,17.2819,0.292491444,0.051348164,0.476,0.3671,1.3273,0.570320492,10.5996
AXP,9.1185,2.2016,16.51914766,0.219596604,0.187124858,0,0.3105,0,0.6434,0.7075,0,1.167685228,0.291698109,1.820495924,0.3262,2.7601,0.678809188,10.4322
AIG,571.5409,0.7357,10.43736932,0.030745532,-0.000126612,0,-0.0001,0,4.4583,0,0,0.223271066,0.027228872,0.619610854,0.0702,0.6128,0.379973818,0.0679
AMT,18.59,9.3656,21.89123207,0.262321743,0.166180562,0.1383,0.2317,0.0422,15.2994,4.4624,0,0.3761061,0.27823621,0.509,0.641,3.9654,0.798607337,8.5265
AWK,11.8275,4.7654,12.18283427,0.411627907,0.164825581,0.0352,0.0967,0.0431,7.0855,4.5946,83.9024,0.308022923,0.062082139,0.373,0.4057,1.4685,0.594887737,7.7
AMP,5.6005,1.1332,6.845793586,0.265134398,0.163459291,0,0.3754,0,2.1442,1.657,0,2.6625,1.057570423,2.599647887,0.0351,0.861,0.457896779,18.6357
ABC,7.3171,0.0955,5.340350067,0.006270452,0.0047629,2.6624,0.2971,0.1113,15.1545,1.6529,15.6309,0.532805394,0.114065125,0.951,0.1147,1.5608,0.609496839,11.1533
AME,16.9789,3.2428,14.35903071,0.220791016,0.160535194,0.6875,0.1834,0.0907,6.9177,3.0382,8.3173,0.863438902,0.281221796,1.459,0.3039,0.6206,0.382960404,4.0096
AMGN,10.9815,5.2237,12.65656643,0.46056344,0.353476229,0.2886,0.6715,0.2287,6.967,4.8691,8.2255,2.43801898,0.514902135,2.789,0.5109,2.7143,0.730771716,17.0893
APH,21.9408,2.9765,14.38015048,0.204608632,0.146915386,0.4022,0.3,0.1502,4.8384,2.5193,7.0082,1.257903969,0.526944886,1.865,0.3555,0.8889,0.470590561,3.6942
ADI,13.145,5.1774,14.33281884,0.305132027,0.241162069,0.6752,0.1327,0.0631,9.3341,6.4178,10.902,1.384654879,0.776413171,2.008,0.3098,0.562,0.359793708,6.5933
ANSS,24.5542,9.2329,23.39246553,0.376523999,0.324183155,0.4945,0.1583,0.1517,2.8053,59.3686,0,2.498588898,1.480922009,2.499,0,0,0,5.7928
ANTM,17.7495,0.7375,12.75779561,0.063199609,0.040714402,0.2485,0.1314,0.1237,10.3763,1.7444,0,1.431413613,0.179103119,1.563,0.2684,0.6731,0.402307757,14.7965
AON,20.7646,3.2506,18.09686003,0.144661096,0.105292479,0.6815,0.2732,0.0773,4.1123,1.4191,0,0.269855596,0.049338147,1.081,0.2363,1.5042,0.600673401,6.876
AOS,16.166,2.2764,12.0298202,0.177609084,0.139339377,0.3188,0.2587,0.2075,5.1418,1.5063,10.5963,1.645613141,0.330701643,2.086,0.0721,0.1289,0.114217912,2.6414
APA,2.6378,1.3559,5.198299972,0.16194883,0.005443658,0.0021,0.0056,0.0496,5.7881,2.523,39.9348,0.866878692,0.324398001,1.221,0.382,1.1562,0.536229999,9.8874
AIV,16.7086,6.811,8.528522801,0.878059666,0.685129729,0,0.392,0,0,0,0,0.291070419,0.291070419,0.786966685,0.6584,2.3983,0.696879773,2.6225
AAPL,14.5863,3.8903,1.796676205,0.252665524,0.212380945,0.5848,0.6106,0.2691,5.489,1.2542,64.5433,1.384447303,0.462021605,1.54,0.3192,1.194,0.544221422,15.0267
AMAT,8.0778,1.7731,7.387022228,0.285631484,0.192024575,0.4096,0.484,0.3096,7.4031,1.5525,5.1881,1.619836818,0.877103519,2.704,0.3011,0.7756,0.436810926,3.7384
APTV,9.9644,1.1238,9.744774303,0.101004503,0.073917561,0.2504,0.3085,0.1107,5.8595,1.5944,12.2331,0.827016784,0.153762859,1.293,0.3481,1.2559,0.556708958,6.1571
ADM,-4.8013,0.357,9.646870238,0.037596556,0.028131363,0.0965,0.0953,0.0496,30.7852,1.8717,7.1546,0.742357337,0.169582201,1.748,0.2054,0.4416,0.306310254,-8.4823
ARNC,37.5459,0.5814,8.938641314,0.088911089,0.045811332,0.0732,0.1152,0.0622,9.7591,1.75,5.6372,1.072443182,0.646875,1.87,0.3386,1.1358,0.531798706,0.4491
ANET,31.588,7.3872,51.5236062,0.135408198,0.152426664,0.1502,0.153,0.329,7.4297,8.163,7.5387,3.772314775,1.071633493,4.476,0.0115,0.0165,0.016261554,6.7307
AJG,17.6907,1.952,18.83055026,0.082982406,0.091361408,0.7349,0.1408,0.0701,1.5512,0.309,0,0.922104087,0.290735156,1.055,0.221,0.8025,0.44521722,4.166
AIZ,8.4515,0.6888,15.00353591,0.053638801,0.031150715,0,0.0491,0,0.738,0.3842,0,0.576338814,0.058112592,0.588897436,0.0488,0.3924,0.270964062,11.0855
ATO,13.8959,4.6391,3.104154184,0.259649024,0.176234593,0.0463,0.0889,0.037,11.9944,1.8398,19.6157,0.210941427,0.020298651,0.379,0.2988,0.6946,0.409906112,8.2659
T,4.7639,1.2164,6.140120026,0.188848415,0.113436717,0.1429,0.1052,0.0352,7.9432,1.2361,44.2775,0.491710649,0.080782366,0.798,0.3319,0.9588,0.489484018,5.9909
ADSK,85.4895,12.545,501.3643875,-0.009728384,-0.031442136,0.152,0.3831,-0.0106,5.6324,7.512,0,0.620502347,0.385016513,0.704,0.4414,-9.899,1.112372123,1.7227
ADP,26.9381,5.1088,1.114797574,0.221196174,0.161747277,0.925,0.4246,0.25,6.3384,26.8202,0,0.135553533,0.05974065,1.053,0.0541,0.4193,0.295429339,6.18
AZO,12.7089,2.2801,2.081379873,0.186799141,0.136316254,0.4131,-0.9436,0.3292,41.8378,0.8601,2.8716,0.088041108,0.031983942,0.912,0.5261,-3.0378,1.490724248,85.2565
AVB,18.4901,10.5306,17.00511352,0.523230767,0.426574773,0,0.0917,0,0,0,0,0.348343297,0.348343297,0.5941138,0.383,0.6621,0.395861135,9.4132
AVY,17.0107,1.088,12.32574459,0.085389021,0.065288448,0.3243,0.4894,0.1565,6.0414,1.736,11.3545,0.712988967,0.116349047,1.152,0.3798,2.0586,0.673056516,5.2451
BKR,0.9364,0.0721,4.629047179,0.029549329,0.008523845,0.016,0.0112,0.019,3.8179,1.6928,5.013,1.074501109,0.412749446,1.66,0.1378,0.4138,0.29268589,1.6019
BLL,9.9591,1.3404,14.00929883,0.080876665,0.039020198,0.1035,0.1313,0.0493,6.7724,0.9571,8.3196,0.616117216,0.176068376,0.962,0.4065,1.9459,0.660547757,4.5418
BAC,6.119,2.6502,25.14816954,0.3790152,0.308470415,0,0.1061,0,1.432,0,0,0.410798799,0.235649309,0.41173975,0.1854,1.6454,0.50191668,3.9142
BK,7.7621,2.8393,24.26618257,0.317471938,0.260248902,0,0.105,0,0,0.2008,0,0.575535076,0.301934439,0.508615425,0.1339,1.1952,0.437520762,5.9785
BAX,16.7106,3.1478,15.9967172,0.15565741,0.14595129,0.213,0.2084,0.0912,6.1731,1.021,7.1145,1.284908322,0.645980254,2.087,0.2223,0.4461,0.308490817,3.9251
BBT,7.6761,3.037,13.19557213,0.367540029,0.2944869,0,0.1073,0,0,0.4892,0,0.023284471,0.023284471,0.035338434,0.128,0.9572,0.439976247,5.6264
BDX,24.6906,4.4259,23.3855528,0.11756241,0.019458174,0.0558,0.0148,0.0195,7.8676,1.2938,7.4879,0.495011086,0.171286031,1.027,0.3988,1.0239,0.505895644,10.7077
BRK.B,0,0,1.751730902,0.033511993,0.017840821,0,0,0,0,0,0,0,0,0,0,0,0,0
BBY,6.6169,0.3716,7.117227521,0.045733343,0.034142587,0.3786,0.4428,0.3428,41.5494,2.9222,8.0767,0.398642353,0.263543192,1.181,0.1076,0.4198,0.295696634,8.712
BIIB,9.7985,4.5068,10.01318337,0.435318779,0.329349062,0.5575,0.3398,0.1993,5.5995,9.207,14.6818,1.827931537,0.371631464,2.319,0.2347,0.4553,0.312840889,30.1986
BLK,20.1472,4.3635,12.53011795,0.391956614,0.30321172,0,0.133,0,5.3017,2.7998,0,0.393148109,0.271067474,1.377021099,0.0317,0.1564,0.109454515,19.1826
HRB,9.12,1.7873,11.25022288,0.196926473,0.136518658,0.3295,0.7802,0.5751,21.6623,9.3019,0,2.000747561,1.850189761,2.16,0.4523,2.7563,0.733782955,2.9836
BA,11.9529,1.811,14.05485871,0.119443868,0.103434295,0.5539,30.8555,0.2455,6.538,2.2566,1.6317,0.310650815,0.093602157,1.076,0.118,40.8466,0.9761032,26.9808
BKNG,14.9492,5.4932,16.81644472,0.35134577,0.275211675,0.7259,0.4551,0.2598,10.5998,3.5656,0,2.196061885,0.738115331,2.365,0.3812,0.9845,0.496099576,112.5068
BWA,6.4229,0.6871,6.035381463,0.114030922,0.088388923,0.2159,0.2202,0.1061,5.2557,1.1657,13.6103,1.136723635,0.308045019,1.586,0.2094,0.5002,0.333438486,5.4107
BXP,15.1118,6.3974,17.97709875,0.35369456,0.214512586,0,0.0991,0,20.9963,2.319,0,1.517477487,1.203690591,3.467112721,0.5434,1.8711,0.651288521,7.4485
BSX,157.7533,4.9785,21.02211185,0.169296549,0.170110964,3.1829,0.1915,0.0527,6.225,5.8271,8.7549,0.333460076,0.027756654,0.761,0.336,0.8086,0.447091623,0.2245
BMY,14.2831,3.7605,14.59396197,0.263330526,0.21807544,0.4266,0.3507,0.2187,3.6789,2.8855,19.1114,1.393748827,0.648676553,1.611,0.2101,0.5238,0.34373246,3.6393
AVGO,10.2472,4.3647,12.60886954,0.230381811,0.588018035,1.3036,0.4599,0.0738,7.2226,5.6827,16.2178,3.257912746,1.835757057,3.895,0.349,0.6562,0.396217441,21.244
BR,24.3515,3.4443,2.121942315,0.148801064,0.110517629,1.1246,0.4276,0.1455,6.8213,1.7519,0,1.167704959,0.34039372,1.299,0.3789,1.3041,0.565995612,5.3236
BF-B,0,0,0,0,0,0,0,0,0,0,0,0,0,0,0,0,0,0
CHRW,14.5829,0.6952,13.15673393,0.054841775,0.039955392,0.4293,0.4166,0.2102,7.7782,4.1981,0,1.772840455,0.264151904,1.921,0.3249,0.9018,0.474180021,5.7039
COG,8.7219,4.4041,9.357137088,0.352507234,0.254572817,0.1497,0.2668,0.1251,7.5661,2.9847,229.3416,1.470267768,0.007961318,1.896,0.292,0.5872,0.369947708,2.4799
CDNS,20.2853,5.7378,24.66054205,0.186868517,0.161727522,0.6989,0.2684,0.1867,8.4554,2.3862,69.6753,1.179651952,0.752202454,1.341,0.1804,0.3456,0.256845507,2.2093
CPB,8.9052,1.5357,6.128865979,0.088565437,0.02602689,0.2035,0.1913,0.0552,14.2603,1.2877,9.2651,0.17872969,0.00915805,0.581,0.6445,7.6827,0.884828234,4.6445
COF,2.7588,1.6113,8.861759016,0.328892889,0.27070207,0,0.1164,0,0,0,0,0.047603404,0.047603404,0.060971779,0.1581,1.1401,0.489300294,27.3996
CPRI,10.2369,1.3563,2.381920904,0.126002291,0.103665521,0.6771,0.2235,0.0826,15.5661,4.0412,6.4907,0.359922179,0.11154345,1.121,0.3859,1.0564,0.513713714,4.6339
CAH,5.2078,0.0974,3.322379231,0.014037957,0.009365509,0.3413,0.2154,0.0865,17.9141,1.8127,11.5825,0.455390103,0.104981542,1.068,0.1961,1.2691,0.559300787,9.0733
KMX,64.8116,0.5812,17.98717164,0.065404251,0.046354942,0.1781,0.2509,0.0429,1.4996,7.6918,7.4023,9.95490233,0.035789308,2.451,0.7572,4.2219,0.808497156,0.9341
CCL,7.879,2.3156,9.565538173,0.180075208,0.16694031,0.1112,0.129,0.06,56.3612,5.9732,45.1159,0.145588874,0.106692742,0.242,0.2435,0.4223,0.296928033,7.6519
CAT,11.4341,1.3703,9.720924643,0.150743759,0.112331421,0.2566,0.4366,0.096,1.7476,2.1188,5.0793,1.408887944,0.278439294,1.368,0.4656,2.5961,0.721920487,11.0889
CBOE,20.5287,3.9644,14.80369068,0.220564866,0.15403785,2.5943,0.1316,0.0796,10.9742,2.7744,0,1.003691895,0.46165464,1.147,0.2284,0.375,0.272731353,4.7826
CBRE,12.0653,0.6396,8.37888185,0.069519254,0.049822616,0.6357,0.2153,0.0833,4.4574,3.5025,0,1.012341601,0.148869107,1.164,0.2312,0.6275,0.385566171,3.3339
CBS,11.4756,1.1275,8.905461839,0.186027284,0.135042028,0.5785,0.699,0.0956,3.7514,18.6296,2.7437,0.954078286,0.070413295,1.476,0.4638,3.6159,0.7833578,3.8098
CDW,13.419,0.7485,12.39153283,0.060903297,0.039592377,0.5592,0.6594,0.1475,5.7388,2.1322,37.5156,1.1392387,0.073418715,1.355,0.4476,3.2902,0.766910464,6.0033
CE,7.7241,1.6819,7.784258105,0.226974144,0.168693222,0.2507,0.4045,0.1153,5.6162,2.0775,7.3535,1.005059022,0.246767847,1.616,0.3791,1.1833,0.541980046,11.6004
CELG,8.6666,2.9327,11.26138322,0.364701263,0.264773248,0.6345,0.6567,0.1254,7.6654,11.1674,30.5926,1.998521075,1.043628297,2.235,0.5713,3.2901,0.766902501,7.219
CNC,19.1876,0.3939,16.12453608,0.028561448,0.014971056,0.5193,0.0824,0.0712,14.0409,4.0309,0,0.936763846,0.446245092,1.002,0.2164,0.6124,0.379821621,3.0045
CNP,6.6239,1.3362,11.96895897,0.082632921,0.034753046,0.0207,0.0457,0.0259,7.0711,2.7562,26.7737,1.919745609,1.28134464,2.127,0.3615,1.2118,0.547887561,4.7572
CTL,2.3282,0.6984,8.960071055,0.026191187,-0.073923986,-0.0702,-0.0874,0.0055,9.4624,3.3131,0,0.527210269,0.09365395,0.691,0.5133,1.8187,0.645225357,6.5975
CERN,11.8833,3.2198,12.5550822,0.149236395,0.117409773,0.2033,0.1278,0.0973,4.8209,5.3291,263.1971,2.034824294,0.388625622,2.409,0.0661,0.09,0.082596301,4.405
CF,6.7079,2.2673,9.983990013,0.146759991,0.065477534,0.0315,0.098,0.0537,16.3432,2.2262,15.1678,1.30070922,0.967375887,1.807,0.3711,1.5882,0.613636364,6.4359
SCHW,4.5026,5.5354,21.34955399,0.450256613,0.34613107,0,0.1697,0,0.4666,0.0796,0,0.289518728,0.154424624,0.319468941,0.0232,0.3328,0.249455338,9.2404
CHTR,5.5439,1.495,8.94135963,0.113443645,0.028189027,0.0477,0.0339,0.0259,25.9109,1.2584,0,0.206531625,0.063249277,0.226,0.4984,2.0071,0.667451793,50.642
CVX,6.7892,1.2497,5.9653167,0.127973596,0.089119208,0.0842,0.0959,0.0603,9.4527,2.9702,29.4692,1.006109455,0.378786206,1.252,0.1357,0.223,0.182310211,16.0239
CMG,19.3037,2.4663,26.13404158,0.055177149,0.036290554,0.1012,0.1225,0.1457,94.6817,12.5584,234.9383,1.709613547,0.622573835,1.811,0,0,0,22.3395
CB,10.8626,1.8194,12.93937807,0.161934163,0.121099123,0,0.0787,0,2.6727,0.4238,0,0.185764782,0.014664201,0.379233741,0.0854,0.2847,0.205570732,11.8922
CHD,21.2052,3.9056,19.00361835,0.192696399,0.137147543,1.6241,0.2317,0.0985,11.9962,1.5524,11.6213,0.499132926,0.238784589,0.813,0.3472,0.8587,0.461992151,3.1104
CI,12.2684,0.9507,18.8077129,0.083658787,0.054203494,-0.382,0.0643,0.022,3.9079,1.843,31.9121,0.686000941,0.120865339,0.641,0.2772,1.0353,0.508682011,15.4804
XEC,3.8001,2.5198,4.849702671,0.466320253,0.338540079,0.1689,0.2378,0.1341,4.8041,2.3646,44.4363,1.956650633,1.12975602,2.009,0.2505,0.456,0.313196104,16.2233
CINF,10.6682,2.3302,38.51508358,0.056223414,0.053079342,0,0.0366,0,2.3341,0,0,0.708613728,0.175863616,0.708613728,0.0395,0.1106,0.096227068,7.2571
CTAS,21.7228,3.3656,16.48891607,0.175047586,0.128401349,0.3485,0.2947,0.1086,8.0391,8.1331,22.4163,0.892733475,0.085698477,1.983,0.3832,0.9491,0.486932917,10.2119
CSCO,15.394,4.6952,1.513533791,0.297279593,0.223894112,0.6171,0.3462,0.2074,3.3563,6.7767,32.1487,1.543800454,0.3705222,1.506,0.2522,0.7347,0.423545169,3.5825
C,3.4406,1.7451,19.97991598,0.321217778,0.247687155,0,0.092,0,1.9735,0.272,0,0.433257795,0.129056404,0.514877455,0.2306,2.2531,0.562008929,14.8205
CFG,7.8727,2.3976,12.34822743,0.371251293,0.291623578,0,0.0813,0,1934,0,0,0.03562229,0.03441586,0.048037106,0.1074,0.8283,0.409446809,3.6903
CTXS,13.3363,4.643,17.85051212,0.238614709,0.193572891,-0.9911,1.0438,0.1946,4.2455,11.2587,166.061,0.649505348,0.212551097,0.717,0.3694,3.4401,0.77477888,7.6112
CLX,19.6188,3.1319,1.84319754,0.180399099,0.13196009,0.9121,1.4669,0.1769,10.0959,1.5982,12.2083,0.515277778,0.077083333,0.906,0.5244,4.7996,0.827575571,7.7661
CME,26.2688,14.8784,21.70688108,0.68083724,0.455330208,1.8463,0.0757,0.0462,9.4401,16.7902,0,1.004448472,0.033302966,1.015,0.5661,1.6921,0.628541741,7.1297
CMS,8.2604,2.0468,10.02582029,0.223046704,0.095591445,0.0366,0.1382,0.0402,2.5931,2.4834,10.3979,1.160823171,0.066310976,0.941,0.4801,2.4768,0.712375998,6.0106
KO,27.5336,6.3268,23.49396857,0.281767956,0.201971371,1.1197,0.3789,0.0987,8.6659,0.7722,11.1268,0.687929956,0.385727191,0.866,0.5313,2.6037,0.722510009,1.7187
CTSH,14.1808,2.2795,11.61808748,0.175255814,0.130294574,0.288,0.1839,0.2028,4.9776,19.4306,0,2.797263234,0.418077062,3.125,0.0468,0.0652,0.061221136,4.4536
CL,16.8923,3.3211,14.65590581,0.221886258,0.154400412,0.5539,-23.5294,0.2957,10.7944,3.1315,12.5811,0.636336426,0.21730021,1.135,0.5235,-62.4118,1.016283525,3.5235
CMCSA,6.3757,1.6391,9.044377757,0.197371623,0.124128371,0.3033,0.1638,0.0531,9.4801,3.6159,0,0.540448502,0.138173387,0.792,0.444,1.5604,0.609431925,5.3406
CMA,6.8732,3.3365,13.10622187,0.461099429,0.370982277,0,0.1645,0,0,0,0,0.136167515,0.080323336,0.138509765,0.0919,0.8668,0.462557274,9.9939
CAG,12.2871,1.4498,15.24602632,0.135085549,0.071112556,0.2301,0.0919,0.0384,13.7481,2.4225,7.4752,0.492299076,0.110426585,1.276,0.4807,1.4459,0.591150433,2.3163
CXO,8.0468,4.9587,5.476368362,0.731871838,0.550710672,0.1022,0.1218,0.0533,6.0422,4.034,169.4286,0.969764012,0,1.039,0.1656,0.2319,0.188270404,12.774
COP,5.5497,1.8535,5.585861708,0.275260154,0.161566865,0.1213,0.1959,0.1256,9.235,2.6148,37.4717,1.581068289,0.799864773,1.795,0.2139,0.4686,0.319099495,11.0879
ED,8.8353,1.9301,10.37306347,0.21091027,0.112020751,0.0351,0.0826,0.0334,6.2832,2.385,35.6561,0.494925085,0.162075077,0.623,0.3841,1.2383,0.553222748,8.6461
STZ,14.298,3.9573,9.119352163,0.553092656,0.42334894,0.5937,0.2738,0.0547,10.0006,2.9733,3.8516,0.297269107,0.029584677,1.164,0.4658,1.0849,0.520359224,11.7873
COO,18.9763,5.0116,21.37886329,0.163692356,0.055235313,0.0914,0.0423,0.0455,7.3276,3.0302,5.4888,0.843243243,0.144827586,2.033,0.3309,0.6116,0.379483716,13.6232
CPRT,27.4696,8.6991,0.723878064,0.354934506,0.28976761,0.3228,0.3327,0.2152,5.6811,2.0026,108.3985,1.963035985,0.660696302,2.437,0.1575,0.2256,0.184082932,2.8055
GLW,8.2837,2.1417,10.78867938,0.150044287,0.094419841,0.0573,0.0773,0.0391,6.0262,2.0967,6.0229,1.297191181,0.711265479,2.124,0.2181,0.4349,0.303082365,3.6469
CTVA,0,0,0,0,0,-0.2328,-0.4237,-0.0422,0,0,3.25,0.566115702,0.17054846,1.726,0.073,0.1063,0.096104022,0
COST,20.2077,0.8411,2.123231688,0.031891973,0.023961546,0.1731,0.24,0.2103,95.3202,4.1454,13.6129,0.472479236,0.36080389,1.011,0.1503,0.4476,0.309208737,14.4535
COTY,13.6159,1.007,0,-0.406660114,-0.437555645,-2.7104,-0.825,-0.1602,6.4129,1.1555,7.5132,0.443357971,0.109401513,0.941,0.4338,1.6708,0.625577523,0.8514
CCI,18.0117,8.31,21.4837207,0.245620505,0.123732252,0.0497,0.0558,0.0288,3.0424,5.0498,0,1.605504587,0.287932251,0.867,0.5088,1.3862,0.580930492,6.0581
CSX,11.3044,4.2828,10.91720652,0.403510204,0.270122449,0.1014,0.263,0.0885,12.3737,3.5,38.5827,1.107571802,0.448041775,1.339,0.4018,1.1731,0.539817829,5.4154
CMI,9.0233,0.9027,7.008011388,0.118674015,0.09006773,0.2843,0.2914,0.137,6.3525,2.2685,6.8653,0.844454887,0.20410401,1.538,0.1299,0.337,0.252035831,14.8105
CVS,7.5298,0.3431,21.16287543,0.020695964,-0.003052745,-0.0472,-0.0102,0.017,12.6301,6.1737,12.2585,0.550160195,0.092231135,1.028,0.3738,1.2611,0.557742264,8.4914
DHI,29.2,0.9908,9.094717346,0.128080657,0.090882499,0,0.1625,0,0,7.4767,1.6369,0.520387008,0.520387008,4.172080166,0.227,0.3566,0.221792984,1.4477
DHR,17.9704,3.6333,17.36638453,0.173437893,0.13325793,0.5565,0.094,0.0504,5.6745,3.3286,10.6071,0.883486523,0.162718166,1.465,0.2036,0.3452,0.256629614,5.7408
DRI,11.5551,1.707,13.72341495,0.097210472,0.083826847,0.3619,0.2982,0.1313,98.9581,7.3133,41.2525,0.370124144,0.310223187,0.606,0.1574,0.3877,0.279402464,10.1798
DVA,4.8217,0.749,11.61353512,0.079372278,0.013975983,0.023,0.043,0.0664,5.1345,5.8025,78.8772,0.561576076,0.0849328,1.722,0.5286,2.7278,0.731744622,10.3734
DE,23.0719,1.1242,10.0829333,0.141842244,0.063397907,0,0.2098,0,1.166,1.0028,7.4321,1.51695549,0.156969965,0.837762856,0.6027,3.7434,0.716837247,5.6426
DAL,4.8777,0.7699,6.339362323,0.122912822,0.08855034,0.1781,0.2875,0.0772,18.9461,3.2502,37.2802,0.208795349,0.084239423,0.341,0.2742,1.2075,0.54699808,10.2302
XRAY,19.0037,2.3827,0,-0.231091488,-0.253618644,-0.5793,-0.1974,-0.0804,5.5056,3.7294,6.5242,0.998223626,0.305536366,1.863,0.1908,0.3236,0.244497226,2.2283
DVN,3.9028,0.9832,3.148836568,0.355319545,0.285448109,0.2504,0.3336,0.0627,11.6421,2.6715,0,1.468553459,1.084456424,1.993,0.2276,0.4849,0.326539589,5.7753
FANG,5.9997,4.3132,8.329773878,0.506057192,0.388590313,0.0417,0.0617,0.0321,6.9795,2.9094,94.3982,0.822374877,0.210991168,0.908,0.2074,0.3269,0.246383189,14.9539
DLR,15.8659,7.2147,23.01420343,0.21495609,0.108730803,0,0.0336,0,10.5786,0.7257,0,0.309552525,0.091997122,0.666714105,0.4671,1.1261,0.52560808,6.7237
DFS,3.8172,2.5821,13.9396856,0.46181913,0.350403961,0,0.2416,0,0,0,0,0.195139864,0.195139864,1.334604631,0.2485,2.4464,0.709838886,15.451
DISCK,5.0277,1.2273,9.235963423,0.15768028,0.056287312,0.5745,0.0708,0.0424,4.7344,9.3322,0,0.902176632,0.246685014,1.059,0.5159,2.0025,0.666944676,0
DISH,4.638,0.8573,9.298192048,0.155916153,0.115634394,3.5696,0.1832,0.0545,21.0562,10.5471,44.5329,0.567126704,0.185787579,0.689,0.4954,1.7628,0.638052902,5.3875
DG,14.1085,1.1802,13.04652123,0.082547647,0.062028072,0.3442,0.2477,0.1329,0,3.0259,6.6506,0.078082946,0.078082946,1.546,0.217,0.4464,0.308625769,8.0841
DLTR,13.2783,1.0274,0,-0.041142166,-0.069700701,-0.2819,-0.2819,-0.0536,0,4.7894,6.8075,0.213150737,0.213150737,2.049,0.3159,0.7559,0.430481823,7.4211
D,9.8077,3.5023,11.338207,0.33817148,0.183076463,0.047,0.1217,0.0313,6.9146,3.7574,9.2339,0.336210279,0.035046423,0.675,0.4515,1.7494,0.636283058,7.2861
DOV,13.0001,1.4849,12.39772888,0.119487686,0.081558549,0.3846,0.206,0.0828,5.7897,1.954,9.8077,0.890916762,0.21681977,1.37,0.3782,1.1428,0.53331668,5.3287
DOW,9.612,0.6209,2.148079367,0.114502804,0.074637513,0.0994,0.1385,0.0587,8.6494,2.9768,7.8924,0.567955233,0.175210652,2.532,0.2376,0.6123,0.379763996,5.181
DTE,7.4874,1.4119,11.03847084,0.125035182,0.078806642,0.0547,0.1094,0.0299,8.0135,3,17.8767,0.443217666,0.017124831,0.735,0.3925,1.3912,0.581804812,14.8066
DUK,8.5613,2.5089,11.24662868,0.212389381,0.108723135,0.0309,0.0608,0.0233,28.1689,1.8729,7.7427,0.093344857,0.029386344,0.646,0.3985,1.3223,0.569391486,10.1497
DRE,19.1584,9.7909,16.03152052,0.503827529,0.404832941,0,0.0824,0,6.521,3.6893,0,0,0,0,0.3407,0.5707,0.359715147,1.3547
DD,12.3038,0.677,1.659898079,0.079521267,0.044709632,0.0608,0.0408,0.0359,8.184,3.4202,8.1499,0.163888586,0.116597556,1.728,0.0673,0.134,0.118197716,6.1683
DXC,9.8762,0.8485,6.637370516,0.090541127,0.060569556,0.4502,0.1102,0.0571,3.8929,3.3218,0,0.854755104,0.30667513,0.959,0.2506,0.6501,0.393961943,6.6463
ETFC,6.6169,3.8831,9.668940578,0.493560738,0.366167769,0,0.1603,0,0.2794,0.0666,0,1.342159964,0.302214189,1.428287393,0.0217,0.2147,0.17136002,6.4697
EMN,6.6354,1.0086,7.604632626,0.151807704,0.106393459,0.1518,0.1861,0.0665,7.0763,1.4864,6.566,0.923284711,0.122096164,1.818,0.3856,1.0629,0.515245176,11.0181
ETN,11.1954,1.3771,10.10628551,0.124670276,0.099264195,0.3634,0.1332,0.0642,5.5401,2.5414,7.9959,0.833915406,0.054908809,1.473,0.2419,0.4669,0.318308786,6.1202
EBAY,10.168,2.515,10.88608314,0.253117439,0.235436441,0.5926,0.4028,0.0926,15.2642,9.3409,0,1.263358779,0.494387068,1.6,0.4045,1.4697,0.595087674,2.7122
ECL,18.6879,2.9019,16.529912,0.137419724,0.097428451,0.296,0.1786,0.0717,5.6051,3.0916,9.802,0.753527241,0.03112112,1.269,0.351,0.8803,0.468169373,7.8922
EIX,5.8219,1.4613,19.13189382,-0.024255353,-0.023860314,-0.0076,-0.0262,-0.0069,11.9293,1.9914,48.3092,0.26914108,0.004080839,0.646,0.242,1.1864,0.542626135,9.7454
EW,34.5491,8.6011,38.39192356,0.212555066,0.193993768,0.3171,0.23,0.1342,7.324,1.1873,6.4081,1.704083961,0.814624686,2.609,0.1115,0.1891,0.159016657,4.4302
EA,19.8833,6.214,30.07435458,0.217979798,0.205858586,0.2233,0.1911,0.4992,9.8214,15.3789,0,2.679028698,2.078587196,2.817,0.111,0.1865,0.15715415,5.1056
EMR,13.6812,2.2385,1.505609183,0.163890703,0.125517091,0.4799,0.2801,0.1314,6.1158,2.6047,9.9496,0.749497992,0.25,1.195,0.2791,0.6949,0.409989967,4.887
ETR,6.5364,1.4161,12.17402506,0.04841994,0.07834677,0.029,0.0975,0.0065,9.4609,1.7044,12.3979,0.293077451,0.08835696,0.543,0.3756,2.0502,0.672153276,13.1484
EOG,6.51,2.9275,7.169413014,0.259678517,0.197913808,0.1163,0.1766,0.0945,9.8359,2.2386,25.7223,0.930930832,0.417243059,1.356,0.1793,0.3142,0.239051929,13.4736
EFX,16.7051,3.291,18.18978846,0.132850737,0.087863779,0.3568,0.0965,0.0462,7.4671,5.8413,0,0.837808418,0.270440252,1.091,0.3684,0.848,0.458882524,5.5831
EQIX,15.612,5.5884,18.01493709,0.188209211,0.072039418,0.0331,0.0506,0.0329,8.4077,1.7752,0,0.818988021,0.400090821,1,0.5598,1.5698,0.610857796,22.7557
EQR,17.9318,9.4324,17.22446991,0.415668192,0.255013314,0,0.0646,0,0,2.117,0,0.08742663,0.08742663,0.088929929,0.4324,0.8668,0.449374839,3.6851
ESS,19.5992,11.5709,19.48779197,0.436158488,0.278670165,0,0.0623,0,16.2023,1.9314,0,0.258439594,0.175227114,0.299457287,0.4527,0.8945,0.468789973,12.5158
EL,26.1995,4.4368,1.968875502,0.163560519,0.120096885,0.3818,0.407,0.2387,8.959,2.6871,8.2025,1.046254072,0.64864278,1.566,0.2593,0.7779,0.437548089,6.9243
EVRG,9.9855,3.4978,4.58592285,0.20449496,0.125306953,0.0302,0.0534,0.0239,10.068,3.6596,10.6286,0.250767299,0.055908203,0.586,0.3331,0.8503,0.45953899,7.0023
ES,11.553,2.4396,12.60077327,0.215522453,0.122274553,0.0434,0.0899,0.0297,7.3565,1.8457,36.6433,0.310830216,0.026275492,0.557,0.3826,1.2738,0.560204509,5.6211
RE,14.509,1.1998,0,-0.026492415,0.01403675,0,0.0132,0,1.8927,8.224,0,0.787265507,0.099116405,0.897864608,0.0256,0.0806,0.07463392,15.0086
EXC,5.0454,1.212,8.185419492,0.10237599,0.055856607,0.0256,0.0653,0.0231,6.982,2.4013,21.5737,0.724570326,0.139950894,1.172,0.3052,1.1874,0.542828271,8.939
EXPE,8.4972,1.4953,13.79055804,0.060857168,0.036175711,-0.4118,0.0989,0.0783,5.5878,1.0189,0,0.605583127,0.335235732,0.645,0.2061,0.9057,0.475258918,13.1701
EXPD,20.516,1.444,14.58055274,0.100356521,0.075961081,0.3233,0.3111,0.4683,5.4323,2.5281,0,1.888145434,0.696192228,2.061,0,0,0,3.2895
EXR,16.8887,9.5663,19.68687413,0.503900204,0.347056336,0,0.1721,0,0,3.1117,0,0.495642924,0.495642924,0.784232705,0.6131,1.9934,0.656004141,5.3756
XOM,8.0164,0.9948,6.131899859,0.107293978,0.071809574,0.0876,0.1087,0.0669,11.5397,1.9414,16.1453,0.485543771,0.053239525,0.84,0.1092,0.1971,0.164623895,8.5063
FFIV,11.2904,3.7653,0.982941777,0.241303808,0.190744307,0.6795,0.2428,0.2469,7.2644,9.8084,69.0313,1.170764867,0.542021626,1.367,0,0,0,12.4549
FB,12.8689,6.7467,13.10382464,0.454188904,0.396002722,0.3245,0.2628,0.3165,8.3222,15.8742,0,6.940430383,1.427818156,7.194,0,0,0,10.1294
FAST,22.2637,3.0231,13.63870153,0.20132525,0.15143703,0.2682,0.3265,0.2296,7.5109,7.2213,4.1871,2.015317787,0.382258802,5.295,0.1505,0.2171,0.178399401,1.1746
FRT,16.8744,9.5242,19.41203555,0.384582865,0.264253318,0,0.1031,0,5.1997,1.2578,0,0.777234903,0.241419579,1.599761168,0.5134,1.3765,0.555187811,7.0515
FDX,7.1622,0.5768,12.98269172,0.017835364,0.007748267,0.0157,0.0304,0.0634,7.921,5.9287,129.3006,1.268722956,0.257295018,1.452,0.3329,1.02,0.504948563,21.5409
FIS,16.8509,3.9872,15.387367,0.162412442,0.100439273,0.7079,0.0828,0.045,4.3151,1.0171,0,0.83904,0.22496,1.195,0.378,0.8796,0.46796875,6.0762
FITB,5.4015,2.3049,9.506597121,0.413118183,0.32765576,0,0.135,0,0,0,0,0.023023547,0.023023547,0.062578363,0.1159,1.0415,0.470218107,4.2415
FE,13.6204,1.7054,6.811022397,0.350501732,0.119705177,0.0487,0.1978,0.0594,7.6011,3.0246,46.1516,0.418644799,0.092576608,0.516,0.4868,2.8623,0.741089748,2.8659
FRC,0,0,0,0,0,0,0,0,0,0,0,0,0,0,0,0,0,0
FISV,18.9538,5.029,15.63102636,0.301906234,0.203846814,1.9395,0.5177,0.1239,5.6921,1.2383,0,0.728358209,0.206467662,1.106,0.5291,2.5988,0.722127969,3.8101
FLT,18.2246,6.7655,13.70429141,0.506933657,0.333464421,-1.874,0.2429,0.119,1.7102,0.5037,0,0.817916303,0.303632553,0.862,0.4302,1.4428,0.590625435,10.179
FLIR,16.0993,3.3923,17.75246994,0.182042321,0.159051206,0.2307,0.1505,0.1063,5.2971,4.4428,4.9032,2.645104331,1.62063706,4.09,0.1517,0.2248,0.183556688,2.7045
FLS,26.0711,1.2981,20.38982831,0.059763882,0.031223957,0.0626,0.0729,0.0538,4.6481,2.2897,5.0491,1.306336409,0.573263026,2.205,0.3213,0.903,0.474520072,1.4583
FMC,23.4466,1.827,10.75925735,0.153432886,0.106201616,0.2799,0.1609,0.0746,2.2582,1.6152,4.6856,0.761074364,0.044898777,1.346,0.2767,0.8842,0.469281913,2.7358
F,2.0258,0.1898,10.59479755,0.034645561,0.022932804,0.0665,0.1023,0.0111,1.3357,1.8657,14.3184,1.622314767,0.174931202,1.2,0.6011,4.2918,0.811028426,3.7764
FTNT,18.781,6.6618,42.47264514,0.139296025,0.1844326,0.2688,0.3288,0.8394,4.5445,6.4834,21.5326,1.666746259,0.885386819,1.768,0,0,0,3.7782
FTV,16.8074,3.5018,8.010053589,0.491406698,0.451562912,1.8736,0.4418,0.0738,5.8248,1.5214,11.9362,1.082751699,0.537566717,1.447,0.2658,0.5201,0.34214726,3.8912
FBHS,8.894,0.9794,9.880453635,0.111410913,0.071028787,0.3867,0.1789,0.0786,9.734,3.2005,8.7086,0.559345888,0.176194625,1.13,0.3913,1.0715,0.517264306,4.177
FOX,8.8309,1.9571,3.853724431,0.208885767,0.140047414,0.2624,0.1603,0.1033,5.9942,1.448,9.8649,3.03796729,1.889018692,3.784,0.346,0.6787,0.404299916,0.117868339
BEN,72.1023,2.5172,3.62973017,0.28793835,0.207065547,0.279,0.1207,0.3436,6.8463,5.4677,0,3.197647612,2.802916961,5.805,0.0515,0.0755,0.068456439,0.4003
FCX,3.8673,0.802,4.79344528,0.243611767,0.139682199,0.0735,0.2656,0.1117,17.3203,1.4385,3.2032,1.515770502,1.266746771,3.22,0.2639,1.1371,0.532069344,2.666
GPS,6.9824,0.5816,6.068686518,0.084137515,0.060494572,0.201,0.2823,0.1889,0,4.0078,8.0329,0.629714811,0.49724011,1.955,0.1552,0.3515,0.260099958,3.587
GRMN,13.64,3.7468,14.8621562,0.245933016,0.207346262,0.2883,0.1667,0.1581,5.7679,4.9762,6.2019,2.121566721,1.304448108,2.893,0,0,0,4.6422
IT,24.6622,2.9229,24.63868542,0.077449016,0.030803023,-0.2261,0.1439,0.0452,3.2693,1.5816,0,0.538542925,0.059661151,0.691,0.3679,2.6819,0.728404722,5.1874
GD,14.7896,1.2864,11.25433222,0.1223441,0.092421186,0.4503,0.2851,0.0908,3.7717,3.2502,6.4172,0.766537757,0.065336861,1.234,0.2735,1.0584,0.514182782,10.6298
GE,14.9109,0.5206,0,-0.137425482,-0.183817786,0,-0.7216,0,3.4583,2.2616,7.3214,1.402586988,0.462212454,1.718208414,0.333,3.344,0.758131002,0.4882
GIS,10.8985,1.8139,13.0784134,0.156671726,0.103924057,1.9769,0.2485,0.0647,10.0272,1.4862,10.5358,0.300503732,0.063495647,0.591,0.4812,2.054,0.672561443,4.6878
GM,3.0946,0.3211,6.143372396,0.062176553,0.054498841,0.1063,0.2062,0.019,2.7137,1.6614,14.361,1.037148729,0.253462553,0.916,0.4616,2.7007,0.729784231,10.8122
GPC,12.3055,0.7522,11.72708216,0.06285201,0.043259719,0.2999,0.2349,0.0972,7.6233,1.2067,5.0769,0.479124034,0.056526367,1.284,0.2478,0.911,0.476707345,7.8085
GILD,9.6328,3.6569,11.93455134,0.400912912,0.246531387,0.1866,0.2551,0.2003,6.1652,7.2257,27.4019,3.150966525,1.69165488,3.379,0.4291,1.2775,0.560923033,6.4715
GL,6.5066,1.9316,1.549775978,0.22159809,0.162989448,0,0.1295,0,10.6669,0,0,0.776169976,0.156699402,1.179590727,0.0721,0.3075,0.201189635,11.4546
GPN,14.7516,4.8469,18.06232963,0.215413297,0.134285161,0.5939,0.1133,0.0492,10.3535,0.7946,0,0.477044747,0.370455422,1.033,0.4407,1.4608,0.593631467,6.9911
GS,3.0429,1.697,32.02378294,0.340861918,0.285640157,0,0.116,0,0.4463,0.0476,0,0.687429641,0.272152083,1.891030345,0.521,5.3835,0.753253114,52.9865
GWW,15.0451,1.4172,13.22329332,0.1005258,0.069690758,0.2295,0.4071,0.1909,8.2812,3.9219,7.5562,1.281145903,0.358427715,2.37,0.378,1.1556,0.536102391,18.8414
HAL,7.3758,0.9704,8.872319406,0.098645551,0.069014378,0.1088,0.1739,0.0805,4.6728,2.1307,8.8477,1.508121616,0.4181591,2.322,0.3969,1.083,0.519915297,3.608
HBI,7.0251,0.6643,8.641679348,0.123686297,0.081288603,0.264,0.57,0.1035,7.6699,1.8637,3.4631,0.642238708,0.213285904,1.733,0.5486,4.1025,0.804017836,1.7836
HOG,4.6071,0.9718,16.13788563,0.125507904,0.092961802,0.2967,0.2996,0.0524,0.7713,4.472,10.4482,2.443699411,0.348299144,1.247,0.7125,4.2838,0.810742941,7.4059
HIG,5.6088,0.8412,7.093400166,0.125191242,0.095331047,0,0.1379,0,2.3225,5.8534,0,2.18275154,0.020704997,2.328199863,0.0751,0.3571,0.265680175,7.9251
HAS,15.9114,2.2444,24.59784452,0.078876839,0.048133415,0.1068,0.1256,0.0735,3.5317,4.0738,10.4478,1.860141534,0.927841742,2.419,0.3239,0.9717,0.492823152,5.1064
HCA,6.335,0.9176,8.611785953,0.138997793,0.081132035,0.1691,-0.7651,0.1389,7.0244,4.7363,28.2463,0.963271238,0.06632316,1.349,0.8371,-6.6305,1.177603961,19.4675
PEAK,15.4645,7.1072,3.068099776,0.709151351,0.574592148,0,0.1785,0,41.5434,1.1141,0,0.387070144,0.287900623,2.208815755,0.4378,0.9367,0.483631081,1.8036
HP,5.1242,1.5669,1.45237765,0.002434885,-0.012026486,-0.0065,-0.0084,0.0026,5.2762,5.0745,18.1846,2.185329004,0.848149123,2.718,0.0821,0.1195,0.10672327,7.8354
HSIC,13.7107,0.7111,13.32057383,0.058336562,0.040590911,0.4217,0.181,0.0889,9.8098,3.4818,7.8834,0.380778774,0.017672587,1.297,0.2282,0.6551,0.395820879,4.4853
HSY,14.0546,2.8863,14.08232216,0.199639998,0.151142545,0.6036,0.8419,0.1723,13.1783,3.8768,10.1333,0.488778475,0.243118443,0.926,0.5787,3.1869,0.761160299,7.626
HES,6.1879,1.8556,9.132335957,0.069904114,-0.043612744,-0.0154,-0.0293,0.0274,6.3862,3.6172,27.1111,1.677258284,1.222877894,2.024,0.3113,0.6929,0.409300043,6.5023
HPE,7.5717,0.7274,11.48486981,0.023207572,0.061843641,0.3071,0.0898,0.0377,1.6646,1.3065,12.9576,1.331433888,0.283753925,1.004,0.2188,0.5716,0.363720791,1.9385
HLT,16.9671,2.3909,16.37728766,0.162137885,0.085784864,-2.883,1.3866,0.0821,8.2654,1.5433,0,0.624856597,0.185086042,0.758,0.5203,13.216,0.929656581,4.2317
HFC,5.6984,0.5,6.153828376,0.088997783,0.061980282,0.1612,0.1855,0.1248,25.4442,4.1503,11.8712,1.563536517,0.988526351,2.822,0.2193,0.4075,0.289496743,8.8819
HOLX,15.238,3.4706,69.78378897,-0.083874577,-0.034587775,-0.1393,-0.0458,-0.0258,5.7839,4.534,8.9923,0.888278911,0.475331527,1.229,0.4601,1.3698,0.578018312,2.6641
HD,16.1511,1.9461,13.43308214,0.14352652,0.102779036,0.4598,-5.9217,0.3478,55.66,3.5324,8.1133,0.22218234,0.106365159,1.108,0.6636,-15.5495,1.068730786,11.467
HON,15.2016,2.3398,13.00772752,0.186378642,0.161834362,0.6302,0.3721,0.1225,5.1059,1.5961,9.3527,0.973261467,0.490752484,1.287,0.2807,0.8919,0.471419434,8.6912
HRL,18.324,2.3836,17.17227623,0.126479567,0.106030988,0.4176,0.1807,0.1089,15.6642,3.7049,10.1305,0.930337146,0.403134916,1.8,0.0767,0.1116,0.100365408,2.3396
HST,9.5155,2.2394,7.475158697,0.255792904,0.196777697,0,0.145,0,73.6533,4.7257,0,5.505119454,5.262798635,5.508532423,0.3174,0.512,0.338628541,1.7519
HPQ,8.4363,0.6533,10.40159179,0.069503352,0.091103434,-3.4457,-8.3365,0.4388,12.275,1.0939,9.8704,0.409016752,0.205562851,0.851,0.1729,-9.3693,1.119483919,2.8037
HUM,18.0862,0.6906,16.25515969,0.040272702,0.029571971,0.1956,0.1656,0.401,60.901,1.4305,0,1.328173067,0.232509675,1.682,0.2455,0.6141,0.380464606,15.8397
HBAN,7.3311,2.9599,11.36855717,0.380818713,0.325847953,0,0.1255,0,0,0,0,0.031729353,0.031124005,0.044156111,0.0978,0.9586,0.453130388,1.5959
HII,8.9438,0.9998,7.948146006,0.125856164,0.102250489,0.3436,0.5515,0.1357,24.0117,4.6937,52.5788,0.268999453,0.131219245,0.954,0.201,0.8463,0.458377992,20.8676
IEX,20.2054,3.8996,16.75456243,0.230736742,0.165309265,0.4069,0.2058,0.1346,8.1921,4.2313,9.2036,2.135130985,1.279015305,2.996,0.2443,0.4255,0.298516103,6.2732
IDXX,40.0945,7.2478,29.32970023,0.222510688,0.170352361,1.1746,-39.6332,0.2948,9.156,8.0495,13.1108,0.483680839,0.160678777,0.849,0.6507,-105.1493,1.009601604,4.6059
INFO,16.3138,5.2471,21.8280516,0.162775616,0.135263893,-0.8456,0.0676,0.0281,5.3945,18.2218,0,0.393440503,0.05171745,0.474,0.3536,0.7081,0.41454495,3.2695
ITW,14.9541,2.8464,11.98303133,0.247223727,0.173550921,0.6365,0.7876,0.2005,5.6259,4.192,11.6375,1.1648786,0.424618859,1.631,0.4963,2.268,0.694000376,8.4719
ILMN,38.6075,13.2282,39.28765758,0.298529853,0.247824782,0.2196,0.2198,0.2072,7.2065,5.0407,9.2712,2.231707317,0.634146341,2.489,0.287,0.5314,0.347002606,7.7687
IR,15.9193,1.4304,12.1977224,0.117409785,0.085370368,0.425,0.1905,0.0922,6.0769,2.3886,9.6921,0.830131844,0.20932873,1.328,0.2284,0.5826,0.368121288,5.7308
INTC,7.2774,3.0232,7.492847797,0.327334575,0.297157294,0.3444,0.2824,0.1444,11.4929,5.5264,9.9534,1.10501624,0.181583063,1.731,0.206,0.3535,0.261181903,6.383
ICE,16.9391,6.8366,15.52617993,0.435309114,0.316762269,1.0893,0.1156,0.0629,6.7629,3.412,0,0.042733103,0.028317299,1.009,0.0802,0.4326,0.301964126,4.4052
IBM,6.7753,1.2979,8.971876182,0.151650312,0.10966064,0.402,0.5196,0.0908,1.9679,3.3455,48.7541,1.358542392,0.303555079,1.286,0.3713,2.7276,0.731727575,16.7173
INCY,40.248,7.1909,85.46456671,0.062113319,0.058182682,0.0634,0.0569,0.1243,6.5583,6.1622,151.4411,4.107739191,2.739358112,4.308,0.0066,0.0091,0.008970871,1.5831
IP,5.0673,0.7014,7.611695054,0.128421866,0.086329701,0.1276,0.2733,0.0634,6.8467,2.4434,10.2354,0.875585854,0.125479335,1.49,0.5049,2.3026,0.697211483,7.9649
IPG,14.0314,0.8162,10.55503215,0.096876801,0.063709545,0.7282,0.2586,0.0943,1.4543,0.4354,0,0.947894484,0.082891222,1.007,0.239,1.5603,0.609413762,1.4743
IFF,32.7161,3.5992,22.40543326,0.145274754,0.084801683,0.1104,0.0559,0.0327,4.9675,3.0116,4.6037,1.405895183,0.574772381,2.607,0.3532,0.7547,0.430101521,4.9979
INTU,30.9341,10.5971,1.179632249,0.279481132,0.229510613,0.6466,0.4153,0.7122,73.3405,4.3982,0,1.437945066,1.07629705,1.828,0.0694,0.1163,0.104181601,8.9385
ISRG,46.762,14.6858,39.36173071,0.344342409,0.302856989,0.2608,0.1689,0.1896,6.2581,11.4247,11.4556,4.564221301,1.045454545,5.281,0,0,0,10.2867
IVZ,8.3081,1.2958,11.56706411,0.235091549,0.166124085,0.4385,0.1029,0.0419,4.3311,0.0938,0,1.727230778,1.041356636,1.44,0.2465,0.89,0.470895163,2.0215
IPGP,15.3819,4.144,10.82068785,0.365958295,0.276754706,0.1921,0.1832,0.2512,5.925,9.2437,4.1049,5.290628789,2.2148722,7.346,0.0176,0.0206,0.020159703,7.3484
IQV,18.7416,2.2572,18.93317085,0.070303496,0.024875144,0.3346,0.0386,0.0258,4.6368,1.2558,0,0.942840973,0.252122241,1.096,0.4881,1.6394,0.621127476,6.1561
IRM,9.9154,2.1952,11.80786602,0.191421853,0.085984749,0.0864,0.1952,0.0491,5.0228,3.4923,0,0.679092418,0.11100602,0.81,0.6867,4.3754,0.813966725,3.2721
JKHY,24.4292,6.7831,0.184019466,0.224230707,0.175105671,0.731,0.1903,0.1339,5.113,19.5727,0,0.859022644,0.199224618,1.212,0,0,0,5.5875
JEC,22.5618,0.7245,16.55868863,0.041492739,0.010906564,0.0979,0.0279,0.0461,6.4918,5.6757,0,1.000988971,0.201821983,1.449,0.1698,0.3668,0.268360885,3.3907
JBHT,9.3375,1.1791,9.872680401,0.079077767,0.056830199,0.1362,0.233,0.1069,7.6374,3.5432,832.8378,0.783302819,0.005619855,1.111,0.2257,0.5468,0.35351738,9.946
SJM,12.2229,1.7796,13.75080557,0.116037254,0.065628987,0.4301,0.0645,0.0375,17.6254,3.4486,8.8831,0.258424087,0.043262866,0.694,0.3537,0.7416,0.425810263,10.0328
JNJ,15.4737,4.2425,14.46539562,0.232946397,0.187506895,0.4805,0.256,0.118,5.7867,2.7059,9.4873,1.08181236,0.192635287,1.474,0.1993,0.5101,0.337795904,8.2793
JCI,29.0545,1.4571,1.437877872,0.241613818,0.23673231,0.8505,0.2871,0.0254,4.2079,1.7954,13.1946,0.945424476,0.309261301,1.366,0.1707,0.3652,0.267518992,1.5106
JPM,22.882,2.9774,18.26911576,0.357693825,0.281659008,0,0.1197,0,1.5473,0.1352,0,0.321466513,0.133055729,0.563646907,0.2035,2.0803,0.523684406,4.1771
JNPR,10.7863,1.9985,18.39301668,0.114620764,0.121979559,0.1536,0.1175,0.0829,5.7855,5.5394,0,2.341221167,1.350881954,2.487,0.2284,0.4435,0.307230473,2.4673
KSU,10.2644,3.5766,9.272961235,0.366580693,0.231171702,0.0707,0.1304,0.0716,10.0705,1.3545,17.4478,0.898657718,0.224832215,1.421,0.284,0.5588,0.358471956,9.285
K,12.88,1.4604,12.02852638,0.133166015,0.098619621,0.5663,0.5136,0.0817,9.8025,1.4127,10.6376,0.374475602,0.070876573,0.697,0.5002,3.4191,0.773708022,4.4262
KEY,6.1015,2.475,11.37663135,0.357720945,0.302039495,0,0.1197,0,0,0,0,0.006220754,0.006220754,0.052913111,0.1045,0.9359,0.46823746,2.4076
KEYS,19.2764,2.7587,0,-0.08457968,0.042547705,0.1122,0.0678,-0.0548,6.6234,4.6225,6.4258,1.05129959,0.624487004,1.627,0.3073,0.7357,0.423869287,2.9679
KMB,13.2854,2.1345,15.0667076,0.11597966,0.076273937,0.2489,-4.9129,0.1657,8.2545,1.5169,10.2614,0.413555692,0.08246634,0.771,0.5135,-25.9756,1.040039063,8.5764
KIM,9.6771,5.3001,11.15049787,0.586157515,0.427379156,0,0.0933,0,5.8808,3.0608,0,1.075185555,0.470502843,1.131548507,0.4431,0.9138,0.476811521,1.5166
KMI,6.7309,2.3999,10.999043,0.290794683,0.113758484,0.0446,0.0478,0.0339,9.6022,2.8248,34.9666,0.632261479,0.43403467,0.757,0.4733,1.1083,0.525675333,2.2757
KLAC,17.0674,4.3057,2.531867291,0.311110717,0.257308317,0.3925,0.4421,0.1549,5.5658,6.77,4.1643,1.543409447,0.574499317,2.44,0.38,1.2874,0.562825751,7.3862
KSS,5.2587,0.5477,6.693236119,0.064165307,0.039596619,0.084,0.1449,0.0954,0,5.5517,5.7657,0.342124542,0.342124542,1.771,0.2806,0.6331,0.387657877,12.7597
KHC,20.3902,1.998,0,-0.379739607,-0.388000609,-1.1783,-0.1973,-0.0672,15.4381,1.6207,9.6805,0.434359589,0.150606424,1.21,0.3013,0.6034,0.3763115,2.1108
KR,5.3873,0.1851,4.939131501,0.038213301,0.025668114,0.1712,0.3944,0.0614,75.1159,4.7144,18.1123,0.141375928,0.030054645,0.757,0.3995,1.9311,0.658836254,5.1407
LB,5.4026,0.562,7.867171733,0.093827907,0.048651507,0.1574,-0.7411,0.1625,39.1049,6.7955,10.6407,0.896273917,0.711480363,1.641,0.7183,-6.687,1.175839741,5.005
LHX,18.8532,3.285,2.143880208,0.187913542,0.139538303,0.7882,0.2822,0.0845,14.7367,3.252,17.642,0.435185185,0.233686067,1.137,0.3481,1.0473,0.511546841,10.0317
LH,9.7669,1.125,9.309447781,0.13343745,0.077973071,0.3277,0.1268,0.0597,6.11,4.6132,48.7983,1.218319229,0.227154186,1.509,0.3744,0.8692,0.465022408,12.9376
LRCX,9.0324,2.9716,2.807176873,0.253437204,0.227007469,0.3024,0.4689,0.3377,5.3152,5.3206,5.6515,3.01136424,1.650073156,3.609,0.3741,0.9606,0.489962312,20.8293
LW,13.0592,2.3671,12.68502977,0.191481432,0.12740583,0.2385,-104.0435,0.1652,13.2739,3.6917,7.1689,0.637301013,0.022069465,1.739,0.7633,-505.7826,1.001981051,4.655
LVS,8.6756,2.9706,13.10056603,0.235559764,0.175759342,0.1286,0.4245,0.1701,20.4758,19.914,381.3611,1.706366804,1.476401647,1.763,0.5316,2.1086,0.678306639,5.9809
LEG,10.6159,1.0948,11.04726779,0.104251083,0.071647734,0.2128,0.2644,0.119,7.3189,2.3372,14.9518,1.029422582,0.328674758,1.869,0.3457,1.0104,0.502579536,3.3761
LDOS,10.218,0.7698,11.14221684,0.073278399,0.05699431,0.5713,0.1756,0.0708,5.4984,1.6914,0,1.070422535,0.158814959,1.379,0.3562,0.9444,0.485696517,5.1282
LEN,8.2455,0.686,9.791918498,0.108936525,0.082435418,0,0.1163,0,109.8595,7.3411,1.4731,0.392347837,0.333796292,5.149814586,0.2991,0.5859,0.377984151,5.1822
LLY,22.1893,4.9921,24.81985667,0.154575109,0.131619135,0.194,0.3288,0.0963,4.4489,4.9191,6.4993,1.109151168,0.615800675,1.729,0.2345,1.0478,0.5116732,5.3755
LNC,5.6408,0.6673,8.709851013,0.132854359,0.099914759,0,0.1144,0,1.3906,0.9827,0,6.779199475,0.769356955,10.96981627,0.0196,0.4069,0.2892169,9.0962
LIN,23.5322,5.7709,2.317289073,0.362416107,0.294026846,0.1287,0.0849,0.0165,4.9609,2.809,13.1567,0.676366162,0.344705156,1.333,0.1638,0.2965,0.228667105,11.0593
LKQ,10.6241,0.6358,10.85588329,0.06886524,0.040425291,0.1185,0.1004,0.0584,10.8901,3.4694,4.5532,0.879016629,0.196267869,2.675,0.3783,0.9013,0.474056501,2.2336
LMT,23.733,1.3853,11.32666785,0.121014843,0.093858115,0.6445,3.6198,0.1459,22.8337,7.4495,18.302,0.223364356,0.053618558,1.118,0.3143,10.1176,0.91005291,11.0328
L,3.3875,1.0168,11.66725959,0.095122992,0.045215413,0,0.0343,0,1.8065,64.451,0,0.466483642,0.01544269,0.472470068,0.1453,0.6143,0.380544591,13.2326
LOW,12.5909,1.0935,16.45282482,0.056346324,0.032450322,0.1274,0.635,0.1189,0,2.1046,5.9538,0.050286266,0.035248672,0.981,0.4701,4.452,0.816580259,7.7127
LYB,5.8317,0.818,6.006924095,0.145190237,0.120244078,0.2675,0.4572,0.1464,11.0775,2.9676,8.9336,0.869943769,0.072737167,1.917,0.332,0.9152,0.477855834,14.2601
MTB,9.6128,3.4659,14.00311124,0.418575154,0.316758513,0,0.1188,0,0,0,0,0.186579188,0.101696204,0.114740427,0.1069,0.8307,0.328576549,14.8895
MAC,17.7301,6.3567,18.49277762,0.249260947,0.062497983,0,0.0203,0,4.7602,4.1913,0,0.300899907,0.125496983,0.300899907,0.5939,1.8171,0.643558725,2.4395
M,4.5845,0.3185,5.163649197,0.067718554,0.044371471,0.1252,0.1722,0.0429,65.4548,1.7112,4.7833,0.298547401,0.222094801,1.423,0.2475,0.7382,0.424689372,5.6429
MRO,3.686,1.8111,4.645071568,0.251139471,0.166514737,0.0613,0.0904,0.0578,6.0916,1.1858,59.2973,1.387008734,0.798034934,1.594,0.2579,0.4534,0.3119646,3.8227
MPC,6.6202,0.4198,8.109517236,0.048866141,0.028629688,0.0558,0.079,0.0507,18.4115,3.3537,12.6213,0.570520581,0.127648305,1.364,0.2961,0.7825,0.438986268,11.888
MKTX,35.4761,18.2377,33.2804847,0.500696796,0.396845477,0,0.2844,0,7.9071,5.1572,0,3.581065633,2.902994661,4.943536317,0,0,0.002788815,6.0587
MAR,15.712,1.784,15.36032385,0.129347721,0.091868195,-1.0744,0.8571,0.0832,10.1111,6.9123,0,0.380456735,0.049091192,0.42,0.3945,4.2009,0.807725544,6.9094
MMC,16.5448,2.687,15.47534847,0.168160535,0.110367893,0.9643,0.2197,0.109,3.5385,1.7197,0,1.093216897,0.216490658,1.205,0.2699,0.7754,0.436745407,4.7984
MLM,15.2852,2.5395,12.80569095,0.167937676,0.110737195,0.0819,0.095,0.0474,8.4002,5.1729,6.7176,0.722170956,0.057060057,1.736,0.3267,0.6309,0.386827984,11.2115
MAS,8.6558,1.0686,9.507359384,0.137337002,0.087809547,0.3464,-6.6126,0.2536,7.8341,2.437,9.904,0.962589074,0.328384798,1.643,0.5524,-26.8378,1.038702929,3.3781
MA,31.3091,13.0326,26.67451009,0.494314381,0.391906355,1.0655,1.086,1.0798,7.0436,5.1796,0,1.012162512,0.669541965,1.395,0.2548,1.1741,0.540028988,5.9779
MKC,24.0499,3.6513,22.26245903,0.169332027,0.166133595,1.9396,0.2824,0.0641,10.0799,2.2212,6.8484,0.307088974,0.04825898,0.739,0.4579,1.4758,0.596095753,6.237
MXIM,18.9986,7.1899,3.341458171,0.325978286,0.357548992,0.3013,0.4484,0.3167,7.2313,6.292,8.7514,6.084452551,5.114495631,6.842,0.2651,0.5379,0.349764964,3.1853
MCD,19.6493,6.5108,16.38756307,0.418416947,0.281771398,0.2476,-0.9466,0.1903,9.5186,4.8417,382.6242,1.112325542,0.29123928,1.363,0.9471,-4.9654,1.252182988,8.9523
MCK,5.6483,0.1064,20.87666675,0.003051526,0.000158642,0.01,0.0042,0.0288,11.9208,1.588,12.9816,0.564157763,0.07922713,1.022,0.1273,0.9383,0.484097138,20.5918
MDT,16.7189,3.8338,15.78354057,0.216709756,0.151552836,0.2549,0.0925,0.0543,5.0057,4.5496,8.3352,1.896836638,0.518531634,2.593,0.2823,0.5056,0.335795266,5.2042
MRK,18.1922,4.6979,16.99453268,0.206364969,0.147065778,0.3667,0.233,0.0915,6.0663,3.4262,8.0285,0.717598847,0.358686841,1.165,0.3039,0.9406,0.484685902,4.2002
MET,3.452,0.5964,10.32797561,0.092756951,0.075403659,0,0.0971,0,3.5695,0.6201,0,0.798338568,0.320555162,1.109391146,0.0252,0.3281,0.237075076,11.8946
MTD,25.0705,4.8253,20.00442495,0.233809876,0.17461965,0.4982,0.8687,0.2443,5.5173,4.4908,11.2,0.971684317,0.242513282,1.424,0.3951,1.7535,0.636829329,22.4069
MGM,7.425,1.0873,12.04744915,0.10935871,0.03968105,0.023,0.0717,0.0376,19.6137,4.5423,110.3879,0.740608814,0.517742656,0.857,0.5055,2.345,0.701048511,3.165
MCHP,12.3748,3.8743,18.90527517,0.132236658,0.066529582,0.4252,0.0673,0.0264,7.4077,7.1784,9.0067,0.552326806,0.180501158,0.933,0.5617,1.9493,0.660938151,7.0906
MU,3.7385,2.1066,0.931119605,0.304793643,0.269717167,0.1646,0.1759,0.1322,5.3974,1.0822,5.3727,1.744913928,1.119248826,2.583,0.1197,0.1631,0.14020416,11.8393
MSFT,19.9232,8.2618,3.732508579,0.347162735,0.311817105,0.2616,0.3835,0.3022,4.494,3.7465,53.2669,2.352967445,1.927672141,2.529,0.2735,0.7658,0.433689733,6.8011
MAA,14.8364,6.9331,16.77649233,0.253988619,0.141852272,0,0.0362,0,0,0,0,0.069184958,0.069184958,0.099042419,0.3999,0.7363,0.423965818,6.4503
MHK,7.3461,0.8693,6.434535808,0.108665542,0.086311658,0.145,0.1159,0.0598,6.3101,1.6458,4.7134,0.528194354,0.036448649,1.381,0.2487,0.4383,0.304717415,15.8755
TAP,4.7747,1.0336,8.745653708,0.15301404,0.103671446,0.3632,0.0827,0.0391,12.1484,0.8973,18.2027,0.448487526,0.245971773,0.643,0.3483,0.7765,0.437090812,10.7931
MDLZ,14.7409,2.2437,13.03995668,0.180198936,0.130349294,-5.1935,0.1319,0.0409,7.9418,1.178,10.075,0.24532473,0.06572265,0.454,0.2929,0.7166,0.417460065,2.7156
MNST,23.4248,7.1488,20.78222754,0.339692628,0.260823816,0.6867,0.275,0.2703,8.1521,3.7368,14.2738,2.39996174,1.060497883,3.001,0,0,0,2.0853
MCO,18.364,6.0395,16.23576964,0.422535845,0.294775699,0.814,2.8476,0.1991,3.6501,1.4668,0,1.479437694,0.802954491,1.614,0.5958,12.3418,0.92504767,7.6258
MS,9.3366,1.7006,25.56752728,0.276709801,0.218116538,0,0.109,0,0.7326,0.0461,0,0.392023353,0.207956613,1.758189264,0.2333,2.4815,0.721131792,4.2769
MOS,7.9867,1.1744,10.35944915,0.074390079,0.049023187,0.0348,0.0452,0.0342,12.9462,3.8137,5.0229,0.67890647,0.341305311,1.706,0.2251,0.4356,0.303424157,3.6637
MSI,17.4998,2.5619,14.96310529,0.179899224,0.131553861,0.4664,-0.7471,0.1547,5.2152,3.8042,21.5022,0.823643411,0.406007752,1.38,0.5654,-4.1145,1.321082692,6.6195
MSCI,21.1806,9.0508,19.15810027,0.532091014,0.354177592,0.7084,-3.0505,0.2563,3.5804,131.4273,0,1.702837302,1.117635425,1.774,0.7602,-15.469,1.069113096,7.0288
MYL,6.0334,1.2357,9.369823087,0.073526968,0.030829376,0.0892,0.029,0.0199,3.5217,2.006,4.4638,0.712563756,0.084593923,1.388,0.4235,1.1394,0.532573953,4.5514
NDAQ,13.0097,3.127,11.83060727,0.283843816,0.107084405,2.6023,0.0841,0.0702,11.5595,3.7124,0,0.188432268,0.089193303,0.97,0.244,0.7031,0.412823276,6.2699
NOV,18.9108,1.1656,16.96648196,0.014787649,-0.003667337,-0.004,-0.0022,0.0083,4.1074,3.8929,2.8228,1.50704827,0.60956856,3.109,0.1369,0.1962,0.16400484,1.3783
NTAP,13.242,2.8893,14.83385666,0.206313049,0.190205011,0.4672,1.0725,0.4699,5.4317,2.7663,48.585,1.322730799,0.601241272,1.451,0.2051,1.645,0.621921609,5.2795
NFLX,-43.5454,7.3901,14.04719065,0.104274753,0.076688353,0.3341,0.2312,0.0639,0,0.8561,0,0.584907635,0.584907635,1.494,0.3989,1.9776,0.664156392,-6.1567
NWL,12.7615,1.0054,0,-0.92107428,-0.801527071,-1.5296,-1.3257,-0.3471,4.387,1.9861,5.1566,0.747538678,0.145247304,1.987,0.3958,1.3443,0.573430118,1.4355
NEM,10.1022,2.5447,11.5711877,0.1287743,0.047015028,0.0217,0.0325,0.0326,29.5438,6.0413,2.268,2.069949636,1.900951315,2.953,0.2057,0.4057,0.288626973,3.43
NWS,8.5756,0.79,2.64964965,0.033750248,0.015386143,0.0475,0.017,0.0248,6.384,4.8543,27.8287,0.954191617,0.491916168,1.213,0.0925,0.1589,0.137114278,1.038709677
NEE,12.6007,4.9666,7.972695776,0.580618162,0.396843427,0.1122,0.1944,0.0287,5.863,1.557,5.5729,0.205374936,0.036326368,0.364,0.3637,1.1045,0.524827433,13.9328
NLSN,7.8278,1.2712,96.37868445,-0.076745971,-0.109286262,-0.8747,-0.2501,-0.023,5.4337,1.4673,0,0.990947495,0.316234158,1.209,0.5525,2.9459,0.746572904,2.9752
NKE,20.5395,3.0995,23.36418686,0.123987013,0.102998696,0.3006,0.4457,0.2662,10.0687,4.1644,7.1886,1.135901348,0.56775998,2.101,0.1467,0.3848,0.277897596,3.7368
NI,17.0511,1.8006,22.33353662,0.023990615,-0.00989344,-0.0037,-0.0088,0.004,4.8905,1.7669,11.447,0.314110186,0.029999009,0.509,0.4188,1.588,0.613605671,1.515
NBL,3.8532,1.8053,7.144679394,0.068592058,-0.013237064,-0.0036,-0.007,-0.0176,7.3109,1.011,0,0.771726535,0.414831981,1.014,0.3129,0.6974,0.410875,4.8364
JWN,5.9157,0.4834,7.403509177,0.052774275,0.03556116,0.1441,0.646,0.1471,108.2594,3.1154,7.9201,0.326826383,0.283052351,0.998,0.3405,3.0756,0.754637437,7.7466
NSC,10.9304,3.5544,9.992572335,0.351370222,0.23267586,0.0878,0.1735,0.073,11.668,1.9931,53.4172,0.527595523,0.138170591,0.719,0.3075,0.7255,0.420454974,13.6811
NTRS,10.4704,3.0975,25.64332445,0.327681725,0.260498435,0,0.1481,0,0,0,0,2.937363698,0.346267223,0.378560059,0.1064,1.3385,0.244512664,7.9207
NOC,11.1104,1.4128,11.29370392,0.14301379,0.10729357,0.4151,0.3944,0.085,5.4753,4.2446,57.2148,0.973289824,0.190838772,1.17,0.3687,1.6957,0.629043951,22.0322
NLOK,9.8298,3.1062,6.080338266,0.069964067,0.006552526,0.2246,0.0054,0.0224,6.2373,7.1411,0,0.730483271,0.475570898,0.846,0.2793,0.7759,0.436898921,2.3655
NCLH,4.5279,1.5518,8.539263445,0.204737936,0.157691681,0.1003,0.1601,0.0606,122.0668,12.9691,70.2765,0.069544517,0.052007935,0.175,0.4269,1.0887,0.521239907,9.3056
NRG,8.3379,1.2114,15.90269975,0.079974678,0.028276008,0.0631,-0.2172,0.0806,9.0095,2.0985,21.9145,0.987489575,0.241868224,1.501,0.7055,-6.0762,1.196998723,4.5296
NUE,6.7941,0.6488,5.495123808,0.129436027,0.094177234,0.2114,0.2411,0.1555,11.0572,4.8253,6.2549,1.391317393,0.498480562,3.077,0.2395,0.4382,0.304699123,7.6257
NVDA,22.4916,7.1856,20.51662846,0.337487197,0.353448276,0.3895,0.4433,0.5236,8.714,3.9837,9.8827,6.65613243,0.58841234,7.944,0.1496,0.2128,0.175463372,6.1563
NVR,12.1826,1.2577,10.12819017,0.140601122,0.113815306,0,0.4408,0,362.2885,6.7004,5.605,0.987590789,0.963063158,2.636842105,0.1888,0.3305,0.248487261,199.1534
ORLY,15.9661,2.8923,15.16946701,0.190450345,0.138887118,0.4093,3.745,0.2797,33.8972,0.7051,3.0747,0.077425386,0.008041818,0.91,0.4282,9.662,0.906208754,21.2215
OXY,6.043,2.4476,5.8451282,0.316731805,0.218178937,0.1217,0.1937,0.1056,3.4735,1.0335,15.1109,1.176875337,0.409201295,1.34,0.2353,0.4837,0.326002465,10.1573
OMC,9.53,1.0735,10.34548051,0.136394553,0.086748375,-1.5625,0.5207,0.2168,1.9416,0.3548,13.4591,0.741575094,0.239184817,0.899,0.1987,1.9205,0.657597225,7.6852
OKE,10.149,1.7623,12.65547924,0.157563338,0.091454385,0.0819,0.175,0.0685,12.4567,2.7796,28.9354,0.394099228,0.005679565,0.663,0.5161,1.43,0.588483711,5.3142
ORCL,11.8846,4.3774,14.8281545,0.363235964,0.280539665,0.3259,0.5087,0.1506,7.6935,20.0848,0,2.306011809,1.101127214,2.49,0.5167,2.5782,0.720533149,4.0041
PCAR,6.6727,0.8498,8.20827187,0.127559511,0.093425606,0.2295,0.2555,0.1039,2.0449,1.9068,22.2381,4.462098421,0.92293435,1.924,0.3905,1.158,0.536606016,8.5251
PKG,6.6831,1.1243,7.228387971,0.152211103,0.105209135,0.1629,0.2762,0.121,8.0972,4.4491,9.004,1.821510957,0.521193772,3.049,0.3809,0.9365,0.483604182,12.4882
PH,12.6036,1.5227,3.806132812,0.148250556,0.105609622,0.2405,0.2537,0.1108,5.8264,2.5894,8.6805,1.844187383,1.021573254,2.435,0.4044,1.1922,0.543836737,13.4866
PAYX,24.2488,8.1729,20.92185228,0.361749503,0.274194831,0.8333,0.3949,0.2794,5.7194,13.107,0,0.328173375,0.149473684,1.172,0.0933,0.309,0.236052378,3.5398
PYPL,18.0719,6.4131,33.99034264,0.153776455,0.133130542,0.2342,0.1337,0.1761,0.7944,0.202,0,1.235948116,0.29242588,1.273,0.0461,0.1299,0.114933272,4.6309
PNR,14.9366,2.2119,14.24239996,0.147752184,0.117162996,0.7042,0.1892,0.0937,6.1054,2.1154,7.9664,0.687064859,0.090753634,1.27,0.2069,0.429,0.300186759,2.4977
PBCT,9.2404,3.4631,11.82803433,0.366509794,0.297697787,0,0.0716,0,0,0,0,0.02333997,0.02333997,0.032668445,0.0938,0.6871,0.358736297,1.5616
PEP,16.564,2.4118,14.76458409,0.16501446,0.193547888,0.7216,0.862,0.1304,9.129,1.1787,21.2876,0.819044177,0.484144909,0.989,0.4163,2.2263,0.690044621,6.6537
PKI,28.0925,3.1454,21.31786954,0.116751788,0.085646992,0.3044,0.092,0.04,4.6887,3.4143,8.0519,1.031296047,0.211384716,1.6,0.3165,0.7317,0.422541598,2.7961
PRGO,8.8776,1.1126,10.56384852,0.088467147,0.02768561,0.0597,0.0231,0.0163,4.2939,2.5839,5.6166,1.056458957,0.358462339,1.888,0.2952,0.5721,0.363889388,4.3033
PFE,15.9422,4.7033,15.67220646,0.221056163,0.207896061,0.3546,0.1759,0.0634,6.6043,2.9961,7.1122,0.84305355,0.035752401,1.567,0.2618,0.6583,0.396968054,2.6953
PM,10.9496,1.3001,11.32808485,0.138067975,0.099106774,0.837,-0.635,0.3727,21.8633,9.2148,9.0656,0.590832412,0.38351463,1.131,0.7979,-2.5491,1.645544041,6.097
PSX,5.2457,0.3478,5.972577441,0.067161631,0.048985703,0.2128,0.227,0.1243,16.6996,4.0844,32.9251,1.02876329,0.337884723,1.478,0.2055,0.4527,0.311618686,16.0885
PNW,7.6101,2.587,9.284411945,0.233859723,0.138448335,0.0392,0.0978,0.0294,9.0466,2.1794,12.655,0.246672456,0.003496741,0.561,0.2952,0.9984,0.499603211,11.1907
PXD,6.9152,2.3812,8.768015408,0.146574615,0.103876792,0.0627,0.0808,0.0588,12.9061,1.841,41.4758,1.239823982,0.45379538,1.419,0.1276,0.1886,0.158666204,18.9591
PNC,6.8808,3.1488,14.33719128,0.372577633,0.309420967,0,0.1111,0,0,0,0,0.06149064,0.060060202,0.082175576,0.1509,1.209,0.439463516,16.788
PPG,16.7167,1.5951,12.81089603,0.117861324,0.087225185,0.3053,0.2896,0.0932,5.3493,0.9846,8.7526,0.870798079,0.206265721,1.363,0.3132,1.0834,0.520008294,6.1154
PPL,7.2326,2.6208,9.080201093,0.417212588,0.234682081,0.0565,0.1567,0.0444,6.5338,2.0272,24.992,0.390094236,0.136094675,0.533,0.5076,1.8898,0.653951196,4.0046
PFG,2.4246,0.8781,9.326558236,0.124827916,0.108623887,0,0.1358,0,9.877,0,0,1.564495439,1.060967788,2.451753136,0.0136,0.2899,0.225980945,18.2177
PG,18.183,4.0947,2.639451409,0.096167484,0.057576384,0.2838,0.0819,0.0406,14.0467,1.5825,13.8768,0.507747159,0.141248209,0.749,0.2615,0.6325,0.387429028,6.0766
PGR,5.5978,1.1001,10.66609836,0.103955721,0.081781794,0,0.2417,0,3.6753,1.8845,0,0.493406098,0.00325357,0.503388051,0.0946,0.407,0.289292563,10.7912
PLD,20.4961,13.1812,15.23353524,0.692411237,0.588123015,0,0.074,0,0,1.1031,0,0.370398776,0.370398776,1.440185708,0.2887,0.4973,0.32665734,3.1788
PRU,1.5547,0.5347,12.99392703,0.077724155,0.064674879,0,0.0838,0,0,0,0,0.406954627,0.283522003,0.644327898,0.0377,0.6322,0.281355782,52.4552
PEG,9.0315,2.7134,11.22593545,0.240408416,0.148308581,0.0437,0.1,0.0338,5.8427,1.5695,10.9683,0.375278622,0.035866261,0.711,0.3415,1.0766,0.518439122,5.7798
PSA,17.1201,12.8139,16.33254622,0.633041303,0.621226237,0,0.1876,0,0,0,0,0.968085848,0.968085848,1.029193892,0.1292,0.1549,0.134063313,11.8498
PHM,5.0351,0.7165,8.09712203,0.132263076,0.100313093,0,0.2121,0,0,8.0423,1.4047,0.826311953,0.826311953,6.251457726,0.3319,0.7008,0.370722568,5.1123
PVH,9.6755,0.8541,9.338308004,0.093012178,0.077292685,0.3205,0.1281,0.0571,12.874,2.7387,5.8109,0.663076192,0.238660964,1.71,0.2387,0.486,0.32704388,11.2563
QRVO,11.093,2.9089,13.45568909,0.043929037,0.043077993,0.0509,0.0305,0.0167,7.8151,3.0499,6.2806,2.550746762,1.632259294,3.868,0.1586,0.2113,0.174411735,6.5072
PWR,12.251,0.3935,7.743987377,0.044036467,0.026258606,0.1049,0.0814,0.0629,5.1483,2.6242,118.453,1.347316108,0.043566704,1.842,0.1563,0.3069,0.234840522,2.3456
QCOM,12.7272,3.8203,2.658113366,0.3340337,0.180694599,0.402,0.8935,0.3361,9.0318,3.0153,15.6954,1.648684947,1.32501399,1.876,0.4834,3.2457,0.764465982,6.0215
DGX,9.4423,1.5045,10.5871805,0.144071172,0.097729385,0.6169,0.1411,0.0702,7.78,1.8012,77.6392,0.772390572,0.090909091,0.936,0.3538,0.7464,0.427379515,8.8189
RL,12.9388,1.6064,13.19366196,0.095548867,0.06825598,0.1255,0.1311,0.1274,15.407,8.1854,7.9957,1.987834347,0.486709441,2.995,0.116,0.2096,0.173301813,9.7246
RJF,7.0778,1.8519,15.68639473,0.180175654,0.117769803,0,0.1345,0,1.8464,0.3053,0,1.301436312,0.713597889,3.941727483,0.0767,0.4507,0.31113727,13.1019
RTN,12.7304,1.6128,13.35629173,0.124066819,0.107509794,0.3975,0.2536,0.1357,18.2086,4.2262,40.0266,0.621056363,0.426326362,1.434,0.1745,0.497,0.332013509,12.0459
O,19.776,14.0108,20.8106657,0.478201407,0.273839128,0,0.045,0,10.0395,1.8424,0,0.531653972,0.035541002,0.675925736,0.4259,0.8036,0.448411198,3.2504
REG,16.2911,8.8699,17.83284775,0.354676063,0.222241352,0,0.0389,0,6.5297,1.2397,0,1.093403362,0.227125374,1.575573593,0.3395,0.5807,0.367333406,3.602
REGN,18.4163,6.024,15.55985567,0.384708232,0.364248674,0.3225,0.2791,0.2117,3.1824,9.7265,7.1494,3.502287219,1.017258109,4.469,0.0604,0.0809,0.074848402,20.3438
RF,6.0805,2.5037,11.91044748,0.376832579,0.30678733,0,0.1123,0,0,0,0,0.052452012,0.036689446,0.048189897,0.1116,0.9294,0.451551937,2.0833
RSG,10.4326,2.3303,11.06202006,0.169705903,0.103267635,0.151,0.1308,0.0557,9.0925,3.7217,0,0.431545648,0.025932465,0.575,0.3857,1.0518,0.512616357,6.8608
RMD,38.6586,6.8083,1.992055801,0.212924485,0.155219959,0.4142,0.1952,0.106,5.1505,6.7639,8.4308,1.215149166,0.264622989,2.06,0.3094,0.6133,0.380148224,3.2077
RHI,12.1407,1.1979,10.79925439,0.101995579,0.074873743,0.5573,0.4085,0.4547,7.5977,10.0462,0,1.306867545,0.337482429,1.798,0.0003,0.0006,0.000617565,4.749
ROK,16.3138,2.8803,2.583637311,0.149250164,0.103931409,0.4293,1.7214,0.2489,5.6525,2.4577,11.5697,1.15484304,0.525815779,1.542,0.3692,5.5836,0.848107925,9.9915
ROL,41.2761,6.4868,31.60300506,0.170585733,0.127178004,1.8701,0.3254,0.2856,12.7304,16.6747,118.3949,0.890154467,0.386200001,0.956,0,0,0,0.8747
ROP,19.2758,5.3102,22.88488599,0.265930806,0.181923255,3.2431,0.122,0.0649,6.2715,8.1825,26.2381,0.85250656,0.251622704,1.112,0.3241,0.6386,0.389717828,13.8576
ROST,16.5581,2.2839,15.04089966,0.136197044,0.105946718,0.4102,0.4802,0.4811,162.3537,3.6723,8.8342,0.751249077,0.703121796,1.694,0.0514,0.0945,0.086352664,5.5927
RCL,5.8744,2.1527,9.075092788,0.225905636,0.190759512,0.1029,0.1631,0.0534,29.5231,5.4986,71.6609,0.086100224,0.040473189,0.175,0.3891,0.9705,0.492511091,16.6469
CRM,34.2134,8.753,57.1564888,0.085604578,0.083571751,0.7505,0.0711,0.0221,3.0033,2.6043,0,0.823278543,0.237139049,0.949,0.1032,0.2033,0.168974332,4.5246
SBAC,21.5674,9.8331,25.1895436,0.230767087,0.025433418,0.0243,-0.0141,0.0502,15.3599,14.3062,0,0.257592149,0.14582696,0.31,1.3777,-2.9432,1.514623887,7.4025
SLB,8.7456,1.5226,9.645618076,0.096297425,0.065153131,0.1535,0.0591,0.0321,4.1109,0.8074,8.1467,0.790301053,0.106258342,1.166,0.2277,0.4439,0.307413862,4.1249
STX,7.4076,1.2555,3.029012635,0.15360924,0.193647738,0.503,0.9306,0.2096,9.5628,1.5064,10.2719,1.437724014,0.994623656,1.955,0.4787,1.9672,0.662977397,6.2447
SEE,12.774,1.1552,11.14212948,0.143364253,0.040801234,0.1752,-0.5539,0.1163,7.9056,1.693,9.0001,0.555152492,0.182520489,1.044,0.6879,-9.9662,1.111530586,2.6851
SRE,8.5893,2.5334,13.76776426,0.177205442,0.089843416,0.0344,0.0613,0.0212,5.2703,1.7262,41.3699,0.315565599,0.02100226,0.485,0.3781,1.3378,0.572245102,12.8585
SHW,18.9526,2.1009,19.5941973,0.098456454,0.063232282,0.608,0.2972,0.0766,8.505,2.2636,9.8571,0.505909957,0.036182912,1.011,0.4883,2.5045,0.714652593,20.7602
SPG,13.8531,9.1836,15.76495425,0.581994723,0.431264216,0,0.7402,0,7.5114,1.1297,0,0.296718236,0.119401145,0.416613389,0.7595,7.0694,0.876073895,12.1266
SWKS,9.7278,3.9392,0.638826354,0.28458896,0.252783701,0.2784,0.2071,0.1744,6.0241,3.9363,6.1402,4.063903743,2.276203209,5.975,0,0,0,7.8813
SLG,15.2721,5.4939,16.92763922,0.371463233,0.201453162,0,0.0419,0,2.8825,1.3997,0,2.665472877,1.086528992,3.083854643,0.4383,0.947,0.486501069,5.0896
SNA,10.6426,2.0051,8.828617318,0.232113022,0.167051597,0.3863,0.2194,0.1344,2.016,5.148,6.0395,1.540966387,0.148109244,2.329,0.2107,0.3654,0.267600974,13.579
SO,6.5067,1.9233,10.62565405,0.192934667,0.095424558,0.0295,0.0772,0.0228,6.0082,1.6391,9.3587,0.373792524,0.097718046,0.671,0.4007,1.6133,0.617343981,6.8088
LUV,5.3415,1.1899,6.912558474,0.150011382,0.112223993,0.1481,0.2502,0.1314,35.7154,4.1696,49.8638,0.538519924,0.234535104,0.636,0.1287,0.3427,0.255253212,8.5393
SPGI,20.6579,6.8134,16.80354574,0.423777565,0.312879514,1.5727,3.1178,0.5458,4.5217,7.5714,0,1.295930011,0.744769874,1.371,0.3872,5.8312,0.853613054,8.2264
SWK,14.3453,1.2936,12.18952534,0.092931113,0.043282984,0.2437,0.0772,0.0613,8.6396,1.7088,6.3679,0.473935426,0.072146142,1.142,0.2163,0.5358,0.348860785,8.347
SBUX,20.9706,3.9926,2.216185951,0.181141215,0.135774805,0.6083,-0.5775,0.2295,33.7195,5.6961,18.0952,0.589475903,0.435521261,0.917,0.581,-1.7918,2.262908325,4.1328
STT,2.2891,1.9978,29.15594925,0.234518444,0.201135036,0,0.0974,0,3.8026,0,0,0.735092513,0.365506663,0.448068258,0.0624,0.6172,0.305218515,28.1115
SYK,22.4727,4.3125,26.51644397,0.173222557,0.261230792,0.4923,0.3029,0.0789,6.0049,6.7008,5.0188,1.254628667,0.752236322,2.025,0.3621,0.8405,0.456667747,6.9767
STI,8.8213,2.5166,11.25281455,0.369017213,0.308162132,0,0.1143,0,0,0,0,0.050518891,0.043332466,0.095227358,0.1106,0.982,0.383004676,5.5736
SIVB,10.8331,3.9643,10.396059,0.519540575,0.381733071,0,0.1903,0,0,0,0,0.073239273,0.070789257,0.083952783,0.0233,0.2595,0.119747931,17.5314
SYF,1.8049,2.1788,11.1625899,0.470861868,0.360511694,0,0.1901,0,0,0,0,0.138294428,0.138294428,0.152718495,0.2247,1.6348,0.550980452,12.9979
SNPS,31.3581,4.2624,24.77842528,0.116480693,0.138580571,-1.7349,0.1243,0.0615,6.2088,1.4749,33.871,0.607554645,0.34394494,0.734,0.0764,0.1349,0.118857599,2.8465
SYY,15.0662,0.6043,2.758780446,0.039362912,0.027851635,0.256,0.669,0.1278,14.5635,3.6622,18.9591,0.769296284,0.084129871,1.334,0.4544,3.2619,0.765364984,4.6648
TMUS,13.8411,1.246,6.969491965,0.121773263,0.06668206,0.1351,0.1168,0.0537,7.621,1.3747,32.6868,0.688419207,0.11717152,0.807,0.3801,1.1145,0.527064001,4.5884
TROW,13.7152,4.1353,8.984590483,0.456650411,0.342013178,0,0.3,0,9.6378,5.8691,0,2.512468193,1.813231552,2.540330789,0,0,0,6.7312
TTWO,12.8373,4.058,49.59639221,0.077451831,0.125107836,0.3325,0.1636,0.8344,8.2949,9.9977,123.0752,1.297370522,0.713182846,1.449,0,0,0,7.4541
TPR,11.4706,1.5067,2.375589023,0.135073252,0.106751174,0.2496,0.1831,0.1077,19.69,5.9606,8.3012,1.668736383,1.05577342,2.785,0.233,0.4562,0.313265964,2.7357
TGT,6.3288,0.5016,7.766612971,0.054992303,0.038974999,0.1275,0.26,0.0997,0,2.4924,8.3294,0.103636606,0.103636606,0.834,0.3216,1.1754,0.540323893,11.2997
TEL,12.859,2.3159,1.670660997,0.141061868,0.137120761,0.33,0.1745,0.0783,5.7458,2.2719,7.283,0.917231638,0.261864407,1.569,0.2013,0.3751,0.272789818,7.1657
FTI,-47.8024,0.706,0,-0.08098527,-0.153080165,-0.3256,-0.1855,-0.0568,6.3493,1.0133,11.217,0.876392323,0.606166707,1.289,0.1691,0.4047,0.288103208,-0.4048
TFX,27.1743,4.8544,36.67393542,0.133564888,0.082014129,0.1848,0.0791,0.0371,6.8759,6.457,5.9461,1.24206292,0.61319825,2.122,0.3439,0.8499,0.459441479,9.5729
TXN,12.6264,5.7508,12.50860026,0.431512924,0.353522554,0.6337,0.6204,0.3753,12.7034,7.875,7.563,2.19886823,0.985448666,3.273,0.2957,0.5635,0.360403925,7.4113
TXT,9.9323,0.7997,7.98510505,0.110936158,0.087460636,0.2135,0.2354,0.0698,7.0459,3.2552,3.507,0.824586423,0.315744438,1.886,0.2653,0.7288,0.421568627,4.6304
TMO,19.8311,3.6987,19.84437175,0.133919041,0.120617456,0.3399,0.1065,0.048,6.0781,4.2767,8.1519,1.01496665,0.342118106,1.728,0.3377,0.6884,0.407720715,11.301
TIF,20.3384,2.4349,12.3684126,0.176313005,0.132009635,0.1441,0.1881,0.128,18.6408,2.7779,1.8977,1.532794875,1.103745996,5.235,0.1869,0.3198,0.242282825,4.3271
TWTR,16.3306,7.1912,25.8026189,0.182802227,0.396270131,0.1861,0.1771,0.0833,4.1878,5.7493,0,4.615214821,1.249376942,4.69,0.2677,0.3998,0.285598246,1.776
TJX,14.7762,1.5501,13.10840356,0.107307061,0.078510846,0.3735,0.6061,0.4534,115.7387,4.336,8.8916,0.610431875,0.54782573,1.531,0.1559,0.4424,0.306721767,3.2941
TSCO,14.668,1.2875,12.12957643,0.088703441,0.067292871,0.2674,0.3409,0.2098,3164.4184,3.5644,5.2003,0.091992704,0.091992704,1.913,0.1427,0.2819,0.219903641,5.6615
TDG,27.344,5.3161,8.163405029,0.377452111,0.170349496,0.2179,-0.3074,0.0881,5.8956,6.1114,5.126,1.64749252,0.953683365,3.162,1.0396,-5.8375,1.206719157,18.048
TRV,7.2419,1.0475,11.46859301,0.109404927,0.083316822,0,0.1102,0,1.4812,1.5403,0,0.378978142,0.00565006,0.388612024,0.063,0.2867,0.209406727,16.38
TRIP,18.3351,4.598,26.90604651,0.114551084,0.06996904,0.1458,0.0768,0.1036,7.3077,2.0175,0,2.244274809,1.666666667,2.328,0,0,0,2.9348
TSN,12.5006,0.7408,2.592760181,0.067916519,0.047683056,0.2262,0.1436,0.0608,21.7685,6.0133,11.1285,0.48195175,0.08779249,1.3,0.3605,0.8473,0.458676097,6.9229
UDR,18.9657,10.1577,18.1521153,0.322834307,0.194014667,0,0.0699,0,0,1.4531,0,0,0,0,0.4601,1.221,0.537366902,2.0907
ULTA,17.9302,2.5524,15.55606827,0.127912795,0.098049241,0.2842,0.3618,0.2726,56.9477,5.8229,5.8134,0.6621284,0.496823011,2.325,0,0,0,15.9717
USB,6.9912,3.4933,14.12885552,0.409138208,0.335635228,0,0.1391,0,0,0,0,0.059515124,0.059515124,0.070997578,0.1187,1.0872,0.394594787,6.4651
UA,12.611,1.5256,61.54812065,-0.006409554,-0.008915916,-0.022,-0.023,-0.0065,8.2287,2.4777,4.7687,0.919430203,0.423565913,1.971,0.1717,0.3614,0.265445122,1.038709677
UNP,11.7254,4.4607,11.56455926,0.377146111,0.26129993,0.1143,0.2921,0.0974,14.0591,1.8279,30.6264,0.667531345,0.275183744,0.9,0.3786,1.0964,0.522983136,11.5675
UAL,3.6909,0.5523,7.923128704,0.082003729,0.051545893,0.0822,0.212,0.062,29.8648,4.6023,43.2719,0.396054628,0.293012501,0.513,0.4036,1.9704,0.663347749,22.6855
UNH,15.2525,1.0593,14.67988266,0.074909281,0.052977498,-1.9782,0.2319,0.137,13.2774,1.6775,0,0.669172508,0.204213573,0.727,0.2401,0.7071,0.414209632,16.3167
UPS,6.5927,1.1661,12.05301072,0.092177955,0.066670378,0.1669,1.5859,0.1303,8.1057,4.3517,0,0.993327181,0.299921914,1.151,0.4546,7.526,0.882711496,14.7935
URI,2.9146,1.0334,5.292847804,0.243196222,0.136199826,0.1112,0.3221,0.0723,5.7934,4.8804,87.4674,0.75047259,0.020321361,0.832,0.6478,3.452,0.775379538,35.1777
UTX,13.4908,1.2825,11.57859829,0.134328807,0.079231891,0.3207,0.137,0.0442,4.9506,1.7468,6.6621,0.651077531,0.196123438,1.132,0.3393,1.1844,0.542216877,7.8986
UHS,8.0418,1.001,9.169939691,0.108733083,0.072380698,0.1461,0.1447,0.0757,7.1557,3.2488,75.7589,1.114852375,0.072628729,1.338,0.3549,0.742,0.425934994,14.3755
UNM,4.1828,0.5541,10.48241439,0.068551968,0.045126525,0,0.0607,0,1.809,14.5422,0,12.55774166,0.160821215,13.73926433,0.048,0.3446,0.256613209,7.024
VFC,19.6163,2.3491,19.02913242,0.118150047,0.090966279,0.4304,0.2931,0.1323,9.4408,5.5308,9.6655,0.750187829,0.167167543,1.756,0.2684,0.6468,0.392738543,4.2112
VLO,7.2776,0.2718,6.589617064,0.0382029,0.026676237,0.0872,0.1441,0.0802,16.4061,3.3916,18.1222,0.962980231,0.278067885,1.648,0.1816,0.4204,0.295977385,10.2606
VAR,22.5256,3.5103,20.23041227,0.15706896,0.051351444,0.1334,0.0946,0.1966,2.9614,4.5468,6.8219,1.13062626,0.376800776,1.634,0,0,0,4.9716
VTR,15.1183,5.5757,18.05590747,0.21677848,0.109313339,0,0.0401,0,0,0.8136,0,0.165541557,0.165541557,0.555446424,0.4753,1.0507,0.507214921,3.8776
VRSN,25.6913,14.7547,21.24528309,0.694965057,0.479427047,0.9345,-0.4204,0,0,1.4142,0,1.339892781,0.37718317,1.39,0.9324,-1.2884,4.467386435,6.1503
VRSK,19.2104,7.4945,17.56941943,0.354640725,0.249968686,-4.8205,0.2891,0.102,6.8246,2.5783,0,0.37437717,0.105314812,0.487,0.4616,1.3152,0.568076097,5.6696
VZ,6.765,1.7752,8.125155538,0.182977618,0.118658444,0.1806,0.2922,0.0606,5.3859,1.5677,110.4329,0.734168205,0.072370156,0.913,0.4269,2.1274,0.680250048,8.3186
VRTX,33.3378,13.8957,63.31582591,0.211364232,0.688048978,0.5932,0.4728,0.2028,8.8204,9.4075,25.8063,3.193747701,2.365574332,3.43,0.0931,0.1311,0.115921593,4.9954
VIAB,6.1508,0.7551,3.485354097,0.193332295,0.12057953,0.6472,0.1831,0.0813,3.987,7.5038,2.6908,1.061453975,0.19874477,1.384,0.3691,1.0336,0.508259656,3.9068
V,26.6938,14.8519,1.603434331,0.670975323,0.525743134,1.1785,0.3483,0.2044,6.2268,1.8892,0,1.3320164,0.674096161,1.563,0.2305,0.4823,0.32538463,6.3952
VNO,14.7057,5.4552,14.94379022,0.386157174,0.207953894,0,0.1008,0,2.1704,1.2835,0,3.866201176,1.606448606,4.267245842,0.5725,2.2029,0.6198984,4.2196
VMC,15.666,2.9767,14.32602635,0.173226943,0.117686611,0.1094,0.0991,0.0502,8.9917,5.2587,10.7731,0.971175836,0.073693469,1.791,0.2962,0.5598,0.358875963,6.2902
WAB,21.5692,1.5554,21.70380919,0.110703059,0.067592718,0.0876,0.1029,0.0627,3.7721,1.9579,5.4973,2.118972428,1.422506984,2.702,0.4459,1.3461,0.573764151,3.278
WMT,10.0317,0.5412,13.99932186,0.025849282,0.012966437,0.0696,0.092,0.1018,86.4764,2.9799,11.6841,0.180763323,0.099668289,0.799,0.2646,0.8005,0.444598518,9.4752
WBA,8.1419,0.3328,1.657685996,0.038534041,0.02909415,0.6213,0.1694,0.068,19.8371,2.4334,14.4847,0.320113314,0.039698863,0.726,0.2491,0.7161,0.417269753,6.0705
DIS,35.5367,3.3744,2.265359205,0.21651574,0.158890326,0.3894,0.1244,0.0414,5.6071,1.4023,45.7547,0.666826202,0.172872595,0.897,0.2422,0.5287,0.345833671,3.9891
WM,10.6276,2.544,11.23817511,0.184524608,0.129073354,0.1677,0.3068,0.0889,6.416,3.6996,150.6465,0.846846847,0.114864865,0.851,0.4426,1.5978,0.615054291,8.3735
WAT,23.6405,5.9049,19.62475086,0.301986959,0.245376621,0.2322,0.3789,0.2802,4.3913,10.7761,8.6139,5.13116715,1.773724693,5.932,0.3081,0.7327,0.422870311,7.8508
WEC,8.9361,2.8457,12.5324194,0.218165245,0.138094928,0.0507,0.1083,0.0288,5.8364,2.3922,14.1271,0.409820812,0.025362428,0.675,0.3525,1.2054,0.546558273,7.7512
WCG,42.3032,0.5782,17.76705086,0.038223581,0.021543933,0.1959,0.1037,0.4422,15.1936,1.5929,0,1.31390063,0.775301061,1.362,0.1807,0.5015,0.334003518,5.9657
WFC,6.0131,2.562,17.02534092,0.331368705,0.264492582,0,0.1142,0,0,0,0,0.117995332,0.117995332,0.280502005,0.1766,1.7069,0.49241991,7.5157
WELL,16.4611,5.547,16.52854603,0.28512292,0.171248627,0,0.055,0,4.6909,0,0,0.638131346,0.147242198,0.638099674,0.4382,0.9088,0.454634668,4.2395
WDC,9.0058,0.8408,6.87111334,0.010984368,-0.045506669,-0.1005,-0.0756,0.0028,9.7436,1.6436,5.3217,1.220592088,0.905161121,2.221,0.399,1.0557,0.513543853,5.2979
WU,9.198,1.3514,8.470046439,0.204118142,0.152399864,0,-2.7498,0,1.397,0.3019,0,0.877781653,0.16975933,0.895361005,0.3817,-11.0836,1.103294212,1.8178
WRK,4.0603,0.5129,3.13214587,0.085898628,0.047181366,0.0678,0.0739,0.0344,8.701,2.6217,9.2906,0.682600215,0.044132631,1.448,0.3337,0.8623,0.463040587,8.9772
WY,14.728,2.1907,13.0656489,0.158105939,0.100053505,0.0512,0.0827,0.0546,20.3984,6.9469,19.3679,0.476534296,0.172253739,0.826,0.3853,0.7347,0.423527912,1.4737
WHR,5.5486,0.3242,15.91220485,0.006987688,-0.008698959,-0.112,-0.0799,0.0212,8.6306,1.2193,7.6207,0.383137012,0.154784046,0.816,0.3285,2.6307,0.724573215,18.2887
WMB,8.1058,3.073,15.13816578,0.131591066,-0.017844808,-0.0057,-0.0106,0.0114,8.8272,2.6878,71.4897,0.640530094,0.092766427,0.808,0.4948,1.5289,0.604574635,3.3822
WLTW,15.3202,2.3179,14.0436389,0.122048632,0.081639845,0.3372,0.0705,0.0314,3.6813,0,0,0.222991961,0.067511927,1.073,0.1413,0.4644,0.317113745,9.9124
WYNN,11.1861,1.6011,21.85354803,0.068019965,0.085212708,0.0564,0.2814,0.0492,26.8292,5.5583,97.1722,1.326186743,1.179196977,1.403,0.713,4.6325,0.822459334,9.0256
XEL,8.1093,2.1944,10.80662873,0.185663517,0.109300511,0.0354,0.1032,0.0287,7.2651,2.3226,19.9257,0.414573991,0.032959641,0.694,0.3792,1.4267,0.587915978,6.1096
XRX,4.1302,0.479,8.762578235,0.062868769,0.036724313,0.1514,0.0721,0.0332,1.9945,2.3038,11.3445,1.793909566,0.333435866,1.444,0.3516,1.045,0.510991695,4.7842
XLNX,30.0976,10.7364,33.05973653,0.316547675,0.290859224,0.2375,0.3109,0.3985,8.528,7.6527,11.0948,7.390700915,3.25131148,8.193,0.2397,0.4315,0.301443297,4.3172
XYL,20.4619,2.3028,15.37189108,0.128096793,0.105434991,0.4034,0.1983,0.0707,5.2411,2.4423,9.3065,0.955363571,0.213102952,1.508,0.3196,0.8338,0.454688731,3.2592
YUM,24.4105,5.0469,15.85763877,0.402777778,0.271097046,1.3491,-0.1945,0.5021,11.8377,1.8074,0,0.6556495,0.224442736,0.928,2.4387,-1.2708,4.693383038,3.7656
ZBH,12.1074,2.6669,28.35626525,0.002306849,-0.04780093,-0.0943,-0.0336,0.001,5.6264,5.9786,3.6686,0.751084128,0.224177095,1.829,0.3705,0.793,0.442290945,8.5867
ZION,6.6578,2.7755,7.294718318,0.40517547,0.313364055,0,0.1167,0,0,0,0,0.030973525,0.020621143,0.049203084,0.0928,0.8415,0.087207902,6.0747
ZTS,22.9596,7.0554,22.29010693,0.326180258,0.245150215,0.2954,0.6535,0.1507,5.7276,5.4495,4.1341,2.237939493,1.309893704,3.597,0.5987,2.9529,0.747018641,3.7055
